token_mint,max_price,last_price,max_price_idx,max_tvl,last_tvl,max_tvl_idx,min_price,min_tvl,posterior_min_price,posterior_min_tvl,longest_inactivity
E21P3EC9xAouWai23CJSGdMy21hBwzVo1hhZ1dH8pump,0.0007100562235832266,0.0004178174743351424,41,107774258581,82732606091,41,0.0004178174743351424,82732606091,0.0004178174743351424,82732606091,942
9J42GMW59ag58QoQEbhHtJ4Z9gJzKPt5hma2YQ4mwNsT,4.864247219795654e-07,4.810971086430524e-07,309,917208581217,912215705643,309,3.0000008322917246e-07,720000100000,4.704327617102378e-07,902025093456,192
GjWBpdaGuNeuKSJiKu8XHRsw7psPEFoGiPQ4XJN523cz,5.534157407762374e-08,2.8899926459663876e-08,251,17503038978,12669919341,251,4.5636317727272725e-09,5010000000,1.8264197259567004e-08,10062189450,149
GfJGHer5JDFfeRwLLvWsQMU4UYYP1utwWFGwYwnT5hXv,29.42837846833154,0.0029399277636237686,1262,271734241659,106314,38,2.3667135933639986e-12,3,1.0394111213493454e-05,3,722
bJR8htPojT66XZhyhMd5qLNfExFfhfe8QxfKHCVpump,4.741658359246505e-06,4.741658359246505e-06,248,869274789034,869274789034,248,3.72257014477789e-06,770100000000,,,61
F3Pgd4dpRVLXNcTVAdqskN127RuF5B5pvoMtn8NcGmfy,4.830219008391498e-07,4.506780408309275e-07,193,844405013805,9472854,182,3.600635596233643e-07,8900463,4.4902351121736423e-07,8900463,500
5ErBXc5Gzopu2yjRXnEdAVtRF69TrosnaV2Jpfypump,5.825636452267121e-07,9.58941395001729e-08,1250,95513971323,7931861,496,1.7685488514784806e-08,7855202,8.784128026026475e-08,7855202,1607
4BBjpGwLgGmUxtT82YFK9xMhcvyy3zgf3HpxTRip1YoU,0.0017570372592390282,0.00018742568515479462,624,171455189900,56527740700,624,8.541852527298541e-05,38136475046,8.541852527298541e-05,38136475046,81
EoyaH5mu714njSykwEriSN5MLX6qUaiXfkRerob9Cv2a,0.0025092057056880063,0.0021399699960625803,85,25742438515,23775763913,85,0.0021399699960625803,23775763913,0.0021399699960625803,23775763913,1679
7KzcAbdoaBCS5gpwmDwULSC92oSLfns9SFYWsvmAp11m,9.303688861258782e-08,9.303688861258782e-08,252,779357973451,779357973451,252,7.231581050000152e-08,687000100000,,,42
585axrwwx2ajLNbePph4PWgvMbxdpHx2XJxfMdMUYhQS,7.992218319522442e-07,7.992218319522442e-07,273,758982211483,758982211483,273,5.954727046839e-07,655010000000,,,35
8BnNtAKbboYLaZfsjMLdKXiFnvdtUPzoBDd4RerkQtVD,0.00013158133453415445,8.166413221146557e-05,869,17499622206,13827681187,869,7.339449541284404e-06,4000000000,5.179586299229441e-05,10997352178,37
4RDVHQ7aHJAzNCHaADaFT6xXZPjPqmEKCzd5kDqspump,0.0007279715923812318,1.9254575996361368e-05,33,109332399009,17931088999,33,1.860511903190798e-05,17613595923,1.860511903190798e-05,17613595923,925
DqvnUCsYLwpBLuqKrqR7cGZ3m1m7xYhe9MFeTjrSpump,0.00045326661798506717,3.415403062151662e-05,120,86175371724,23916630797,120,3.325575576825701e-05,23599630797,3.325575576825701e-05,23599630797,131
AVBeUCrukJ2EvLiKesgtZwZ4zZVW522iVx4wgbcpump,5.361036528086102e-06,5.507303397311585e-07,258,904121266175,15170798,243,4.3077755399384114e-07,15160927,4.3077755399384114e-07,15160927,204
WUniCefnGVW6KnbCwXt7MeMSbTPUsLfwGT8hBpEHNNJ,0.00019269751058679924,1.1309986385795937e-05,375,13583274495,3186099,33,1.3268715630251328e-07,3179479,4.543792209707318e-07,3179479,1602
HgBRWfYxEfvPhtqkaeymCQtHCrKE46qQ43pKe8HCpump,0.00047159229166682113,8.68491749342876e-05,207,88042141273,37995227700,207,8.179954459019582e-05,36848174371,8.179954459019582e-05,36848174371,109
DwRweSAwEbPGusyK4hZdwdyj86RtmG3ya7D5WN2mQzeb,0.06104308104212556,2.627402016755874e-05,1488,264275031201,6819,81,5.336313836226719e-12,3,5.336313836226719e-12,3,1093
Ecna4TyCCFqDAEbqGpxj2NutX89WEexfufhLLZpJpump,0.0004103656042239353,1.8737142270746975e-05,7,81905559225,17686589802,7,1.8737121109272927e-05,17686579802,1.8737121109272927e-05,17686579802,697
AXaUhvo27HyHrHDJgnbyRTKdFLDZV59wK7zKgvByeK62,0.0010941899999553472,0.00015027569229102264,173,134157707871,50350690697,173,0.00010765267409728121,42438599885,0.00010765267409728121,42438599885,68
87kTjnoUkNL3GqNqW8YEc6EpWnoM5iNQ9cXv12vEpump,3.333893752010144,2.746936481143393e-07,874,590972831982,174209120,874,2.1530376593516887e-07,154209120,2.1530376593516887e-07,154209120,1125
9CPvqZhxRKpmTgeDzA4STFzvUZ3Ek1x3WAWsPX8rWdT2,0.03631979123588583,0.0076323741921424946,1099,278176154212,100241,54,6.217486985932969e-11,9,6.217486985932969e-11,9,1074
Ehr9Mn5wtEx4BkZJR8MKy7mKaUuGDxWMworvz5Vvpump,0.0014163030014705548,0.0004555631851479617,19,152257332957,86435228106,19,0.00037671100662136974,78582384484,0.00037671100662136974,78582384484,719
6kQXDo5L9K4NDDz8bGqpDFV8HewoqmaVCVNtQFHpLXY5,4.491893084368094e-07,2.446327993460475e-07,387,16864050250,12495622522,387,1.8088579670383126e-08,3340000000,1.0749116064207349e-07,8269652049,47
RWYVVEvKyLmky6LrwPVCG9Nyc8FgKYqzhzyBztkpump,4.609962885700592e-06,4.609962885700592e-06,272,839694612953,839694612953,272,3.571774769212245e-06,739000100000,,,55
4f4gi3PQfaDC48YUiJsNgjWz8WCq3T7h7rzwvUpyrKZ9,4.9704948959968734e-08,2.4642588809971095e-08,89,11921231415,1249603,47,6.129562319250417e-10,1130094,6.129562319250417e-10,1130094,816
q8cb9bNrgNiAqZS2fEn3SRddaBx6a5nLZqk2JqM44jZ,0.14988793914390194,0.0007096138779467703,356,1572896097475,109773862271,356,0.000398440582337112,81405618927,0.000398440582337112,81405618927,64
3tqcy1xF6suSyqjGQQ7sLmYqZ75stUpnVGR4pwKXzCyC,0.566238546699693,4.4250406683537373e-07,141,242623258644,216971251,141,3.1890032563287585e-07,184142202,3.1890032563287585e-07,184142202,888
A8unLaDrqyD1S39qBwvLSgNzgrPRdevSvdskiAKtYVL1,0.02594367841309588,9.052286219502131e-10,1035,1616118498128,282394,1035,1.0000000000009999e-10,270574,8.364221371164586e-10,270574,73
qSVL8n2uy9bPc78PsdinqitsCY3CMR8LwpaNnrHpump,4.239832477272747e-06,2.5338736988407605e-08,140,733069724578,7111170,133,2.5338736988407605e-08,7111170,2.5338736988407605e-08,7111170,1789
Eu7RPjJCko8b1zCJRKv9Xyf3XjUXNbvpM5J3DjtxCdgU,35.591731857206035,3.6115187855597375e-06,603,310721294671,2464,370,2.9640334824747564e-12,2,4.2438945984039184e-07,2,618
6deXf4yWv7aYXTpFkrbvdXYpgCtzKc26Ui1qg92MmKT,2.6691859306227768e-08,9.220677930195075e-09,43,12194672083,7195442177,43,6.206552376320553e-09,5870000000,8.966401178515995e-09,7095442177,394
12HPsiF4xiejmFQSYGCjDoXsdFWs2iCvLnv71WiApump,0.0005765949290184317,1.7726797856836208e-05,22,97145879676,17147336301,22,1.7726797856836208e-05,17147336301,1.7726797856836208e-05,17147336301,471
8X49beTCJpaT1oEBVeowsF5xPt36MVKmdgrrVjSpump,4.9833133807962246e-06,4.9833133807962246e-06,285,902663545962,902663545962,285,3.818270660947379e-06,790000100000,,,29
J2j4tnva2mkLN92r8rXJqK5mrVo5dYiNBtowUGE4pump,0.0005912980132646245,3.3171820866982424e-05,26,98385258965,23716752625,26,2.688723897236401e-05,21323508778,2.688723897236401e-05,21323508778,183
5kisV5H8mosVQSwzSjtV7NB4P94YV8iNywkf9Svpump,2.6186372855538295e-07,9.385754862073038e-08,973,95666101981,7245377,427,7.9005355e-08,7233271,9.385754862073038e-08,7233271,1703
AAaoTA1kRPooiAXdYqRM3tYrEGdmhaioimx8PzWstTLB,1.9519043693687448,4.5310940623295113e-07,566,452435209506,226340582,566,3.6843334818889686e-07,203113025,3.6843334818889686e-07,203113025,986
GJBW2NUzFGxfdwzUKC3gKA6Zfy8ihLBeYBcoJo58K9dH,0.0015009519804191818,4.883493921228885e-05,765,158068146874,29004456728,765,3.8344156502185496e-05,25692225399,3.8344156502185496e-05,25692225399,240
YJJkxtyT4N6AvpLJKuxr9mEsqNGC2bEqWuyvRU8pump,5.584285577559955e-06,2.7807219738933788e-08,67,711656031469,2099310,53,7.286786282688801e-09,2089363,7.286786282688801e-09,2089363,1813
5LK8nXuBzKhYNfUHu7nZYeVUFH1qtqiJbzAsCVvjWA5N,0.4009024893601177,1.5731389060538408e-07,188,204261217182,130665900,188,1.1234852403184226e-07,110402138,1.1234852403184226e-07,110402138,1462
EGxRBwjoC99LtLznAyLFcSxaiCrzPiXW3gHmemq4pump,0.0042909220265749505,0.003209183998380523,754,266459484337,231547862366,754,0.0003818528715949734,79005359133,0.0022450890361288348,193328730511,48
Dr2oQWEdYZ64dUS4iL3x1fnSk88CkLvos5qQdfZ69Npe,0.0007941946077517009,0.00027404765182179703,1043,274189542053,47905390,315,7.630499992554485e-06,47879274,7.630499992554485e-06,47879274,732
5u9JhTP6pVGVWBFBoTCReaiZBK2YsyzPgtHUtXZppump,0.000641021434274554,8.233253493484632e-05,21,102393559057,36759534233,21,8.214965300225057e-05,36718634233,8.214965300225057e-05,36718634233,810
71o4kDpPHw9WBi7aGjeHbdXfpomsSFj8PHXScNR2AfKu,0.0001106275887747645,2.560170962714216e-05,65,10007995883,4822943109,65,1.111111111111111e-06,1000000000,2.2793362697986554e-05,4545863802,972
8FcJhZz5iX3FiHsLBhMtvBhjGeruDbSf3uS8L8e6n2Bx,0.25017493735315705,3.341417071980795e-07,76,161162401971,188382625,76,1.2178378247958474e-07,113663322,1.2178378247958474e-07,113663322,1332
J3mqNopi9cwoK95JcRPoYqMHZSdWXpVDizh8qoy1st4q,0.0005323822471318487,0.00038688578142945414,4,93305359071,79625344145,4,0.00035470980293550013,76226490702,0.00035470980293550013,76226490702,293
5aKy9zcSNCiub6J9tG3kYJReLnFJ7xyqDqiJGiQvpump,0.0018259590637246927,0.0007483154001319257,21,173051126936,112842061671,21,7.950905409553766e-05,36454453015,7.950905409553766e-05,36454453015,66
Yp8qM32KsoWUzHts1AtgBr35KWtZf3im4C7PSNppump,4.105322927346564e-06,4.105322927346564e-06,202,770630697640,770630697640,202,3.378443692605123e-06,699000000000,,,49
8ngXh7AAqbFZ4MuQwGPjCtgkr8d2Q5ixZzxcdxsEpump,0.0014363183314121855,0.00015528900823365708,100,153699981340,50599023575,100,0.00015528900823365708,50599023575,0.00015528900823365708,50599023575,778
PQmfW1DFL2K2YcfowfnfVvNk4pUi19xXx1ZJo2oorgL,1.8306731931884699,2.1292804338524554e-06,690,439543713385,509273559,690,1.1583987648554914e-06,373761149,1.1583987648554914e-06,373761149,394
GLEYcZ67Nw9TuiMpJR1Fcsr8chJQXTYEFVmqvx7Jpump,0.000694945592849206,0.0003899527375231563,1042,108095011029,81502862309,1042,0.00011154482836720728,42962222584,0.0002543845092959135,65683820723,38
CsmuEnz3ox18JuCv5Da3tAqoDcKerLVBaDzFLgRFtW2r,0.09409860427747138,2.107673454695283e-07,69,98813354065,150039831,69,1.7113047846209092e-07,135123959,1.7113047846209092e-07,135123959,1552
3gdFHbMQe3zLQvvDTd1pEgiLbpYRrt5odugZ6BtSXdcM,3.1145717027452403e-07,2.98058446880024e-07,216,774328990651,13201903,200,2.25484515323041e-07,12543605,2.9605286372003885e-07,12543605,58
2opQ1p3Vs2CpuY6ogNsjF1b14AkCP8C3ZPQN49HNFtic,1.2394912357536381e-05,5.727256914823607e-08,169,414571769884,22692710,169,3.295444949805752e-11,22684965,3.295444949805752e-11,22684965,1500
GJF5UgGiAcdXB9ZD8zXXYkhFYeLVwkRMcSrrvMysK6jg,0.22446685585447243,4.861461407157459e-05,13,19953600000,603454,8,3.744139632048321e-08,387041,3.744139632048321e-08,387041,2732
Evb3apT2xiEBb2Z4PJatcMADTM56MgLv8FiAN2uMEbDa,78369.90689655172,0.01575944851684842,1506,209713268278,228605,34,1.1314244530500923e-11,6,3.0570824681137116e-07,6,1090
AwU9dsHztu6tbTByWpTGpQLKbKywK8DmtewfhVZ5pump,0.0008152028729858274,0.000644832720427714,1983,118675807864,105759839016,1983,0.00015925478781340314,51452450792,0.0004879562151334599,91842378424,25
G62x8mnaTbvJAme1m3WXcRyLQRX1zxda4figf4M74ong,0.046154894861482505,0.002650822536399145,30,4644195084,52081835,15,0.002650822536399145,52081835,0.002650822536399145,52081835,1010
7eYBui9DsrNXmMgbhR4afT6SuaGXePXh7T52qdvUDFYi,0.08792805450046251,5.297976317448448e-07,35,95514086582,238110103,35,4.2521813771063387e-07,213042854,4.2521813771063387e-07,213042854,1475
6GnXgRPazb49jvTSiNegNuqmeuMwH5i4NM831yQspump,0.0005531026103742388,6.088610471826455e-05,7,95106360160,32150142620,7,3.0683036195804496e-05,22781513902,3.0683036195804496e-05,22781513902,111
7cu9Dnnz58Fv44TctSDAfwXxKd12mMBiwUuwVKkbsrFE,0.14454952054844325,3.2442536148574456e-05,173,32229056760,1058398,48,3.0696951461893003e-07,1042199,3.325773706687868e-07,1042199,1074
4LctgSrwXMBt2uSmb669i4yYyEJsgrFTqyBZBjgav9Cf,6.749287851313067e-08,4.638456783655929e-08,74,15618182069,13264975350,74,4.444444444444444e-09,4000000000,4.173199956443378e-08,12318549100,408
HKtKrR13iDaqUxuaSfG7G96guDQJD4hVUi17Vxq2zUs,427.1988323246707,4.939682686300057e-06,1869,301525391093,4727,44,4.645160945063051e-12,3,1.6091588701060328e-11,3,847
8u5YVrGZdJBxvTbCwd3384UctL5bWEzD4wb4B569pump,0.0009843663744554948,4.6573492589079094e-05,120,127185409237,28010304204,120,3.427598999555875e-05,24002242688,3.427598999555875e-05,24002242688,373
BmnS5uzaFeAsZZEMzdAffTPHgxTBY3MXpKYTJws6eg3D,4.480041559261428e-08,3.47704885560256e-08,122,20097048482,17712825490,122,2.5049962437500002e-08,15015000000,3.435713938295683e-08,17604924715,1652
5p3jTgLvxHYBgaDKwGgZ1j8ipbtNfoBpf673dMU2JfGY,0.9040540087171919,0.46485890689944115,798,307655930286,223674457119,798,2.416626389560174e-06,500000000,0.30521853996593723,179828683747,209
8qtafakjuVEFyhcKU3RKLtY1RkDkyvo8U9CrTUNBpump,0.000584891257193856,2.4700601626386904e-05,74,97830520654,20235488950,74,2.4700601626386904e-05,20235488950,2.4700601626386904e-05,20235488950,392
84B7XCwzjytjscYuZm9R2shgFaGPozxQQqPAJzAcpump,0.0005836449978298266,2.4838557236093807e-05,245,97867772764,20324803594,245,2.36245211409914e-05,19819554589,2.36245211409914e-05,19819554589,601
AE5Ekc4Aw8HqNWBugSMwniL2DeV69cTyPM2UutJnpump,0.0009790227520332243,0.0002292421290900137,265,127177949053,62303746938,265,6.682040090352936e-05,33352985392,6.682040090352936e-05,33352985392,91
GkBcGKTKukhnHT2e1AzneAFrYRz236goGpxGnnZ2zyty,1.2806934117516455e-08,4.9037158410199585e-09,50,4893838032,3034559553,50,2.172069758064516e-09,2010000000,4.523921869208402e-09,2914559553,377
J14aqaR7jyQiaaRbay7r1SLe4axyG6C5CcZ7DdNnpump,0.0017790636609294227,2.7029622941759064e-05,282,171058527217,21265500349,282,2.702959755243916e-05,21265490349,2.702959755243916e-05,21265490349,152
7KG2knABSrVKG6dHWb2cpPoXZxuFo1VK21RAJrKf8yPC,1.2648457749938967e-07,3.933270964156433e-09,303,11210040623,1979272615,303,1.0526315789473683e-09,1000000000,3.7697243191659806e-09,1937535350,198
Apt4YY25kaRQFd43pkrnXq4U2T1cW3ftwwV4zUFqpump,0.0010082505213016787,0.0008683304316982503,1482,130562779793,121191300792,1482,0.00013932489264864423,48084330975,0.0008683304316982503,121191300792,47
EsNwBBJS7yR5ieUfsL5YrEFoVTmvL1Jk9MqcXxqEpump,0.00040388200487283753,0.00015921224219263443,9,81255441267,51801095640,9,8.579710676194306e-05,37704543091,8.579710676194306e-05,37704543091,47
DwMniNi5h5YAznYeM6XxxGW6m7ZwwCVB3ieJ4n3SzeDV,1.2953739200175798,2.9578929781078165e-07,546,368603019815,183695971,546,2.3209415315066399e-07,162695971,2.3209415315066399e-07,162695971,783
2dhy7zGBDEgy4kbdrDKvT2ZtSCTNWUJBPupUYSympump,124256.70483602001,0.01214690082000709,2523,385796774501,236190,99,4.457999708026024e-12,4,3.006674503703671e-11,4,720
647M3WQ5CKUR4ZhEdHPMwJ2PkPAuCghfanJK6L78mUwP,0.33523175381123366,4.100384450305823e-07,67,186594633460,208629358,67,3.3871331198520174e-07,189573839,3.3871331198520174e-07,189573839,1575
9E5tdJRe5ykxbZvx7GtZoinP2Mv4oKtSMHQWC3rpump,0.002019546966084817,0.0014418702980270486,438,182293094689,154091103840,438,0.00033202505682384647,73691233638,0.0014095803525234788,152330669749,93
9LwRJ27KD6VEQD5rZ8bec52RortCk3afeB8cvVPYE8nS,0.019399986155742323,9.477136492424151e-08,2197,320557729687,543,108,1.1713709278493753e-11,6,1.1713709278493753e-11,6,1081
Y1KbSmzaffNnENsQFnLKEHy7tZNLqXEXZKgUcXSpump,4.0818213394209805e-06,4.0818213394209805e-06,177,768967211249,768967211249,177,3.3832769453842438e-06,700000000000,,,81
3rGwpnNUZdseo8f7c4A3ocKbAZcaS25BX1DNXKyBpump,0.0004244613649527859,2.9765428621099883e-05,15,83304510204,22285812620,15,2.758610795810056e-05,21453431059,2.758610795810056e-05,21453431059,134
9bkyM9WPKJxaeiTwCZq9uVQAG92ZmjuFaqKpy4AyJrLF,2.4249669631831457e-06,3.075075737392705e-08,863,709785202486,1757418,65,2.5929070149812046e-10,1719855,2.365001448346517e-09,1719855,1245
439bLoJsaMdgV3EPGcdNefCBCwFKY5rFSejcDzXEpump,0.0012048309529114588,0.0002741293231874543,58,140496106334,67607148017,58,0.00022294040667771272,60589455028,0.00022294040667771272,60589455028,104
MtkCxPDijDGtGCLZYaCPn1mmfagNn4FRN3MGMuVpump,0.0008958341062973157,0.00017499180806642182,468,121829878891,54765857042,468,0.0001681926665146667,53095916058,0.0001681926665146667,53095916058,38
7mbMTAzbaXKsPUqp4JhtYcoRyGpPrB9qSX7vZTSWVD8j,1666.5790876678552,4.2448636572064827e-05,1291,269550745405,8634,76,3.03185069473033e-11,7,3.03185069473033e-11,7,1373
Fj1sbHX3Vbba4zgqHDA7SomHtXFKqJmMXDCc97nsnZYY,0.05666090939863117,1.019536203245549e-08,994,58633712406,130509,123,1.4713132817371343e-12,1399,1.7421377480209974e-12,1399,96
Gfdwm8Si63nakor8S66RNNvpxHM6d8rybgPGuSZcL8te,0.00015832225969429866,4.2434378127143184e-05,629,21714593673,5911383,107,1.7141665526852397e-07,5899376,3.790876495497744e-07,5899376,1010
614QCmfWdoK9K9g2g7curbDwXM14qk7hc3Ly3ZbFCmMW,0.205401982662663,5.988039773335108e-07,2099,151551011320,262593353,2099,5.217392071073369e-07,245093365,5.217392071073369e-07,245093365,736
A8bNBwmnW1DPVXUwRhVyWS7rY1HWq6EHW3aiY3Qcpump,1.203079393385191,2.6551517987326253e-07,1555,357055939088,179008578,1555,2.3421277286492858e-07,167872371,2.3421277286492858e-07,167872371,320
G4R7GfioVQAp52gyCj2SNTESYA2JVrfrvPiMvqJXovd6,0.0004511716098821985,0.00017056914443477195,1637,48835187294,30186356579,1637,5.263157894736842e-06,5000000000,0.00014955454684681743,28201725475,71
Ehx8qP9LC9eGqKH7EzzTaa1Pn8tXumM5uMtCYKpGgyJH,202512.34507897936,5.985650198371398e-05,838,488963897059,11919,69,1.978507218749144e-08,155,7.575272878535776e-08,155,84
AbASdCAuwdNxVR69zRdRhdkKN4FnjoMVJBjuceQ6k8rx,0.004694290830167825,2.025226841916296e-05,31,277332536294,7544,31,2.025226841916296e-05,7544,2.025226841916296e-05,7544,691
4JzWodtcJdNAwBus2fPVVSYxa5nPdkkVzK6xfbiKpump,0.0004926425631628336,4.433335004924226e-05,213,90049492526,27436779693,213,4.433335004924226e-05,27436779693,4.433335004924226e-05,27436779693,105
7Lgu4wy93vc5cJFbbvEe7MhyvcuEpbYoED25mpNGNyGh,5.911628463511441e-06,5.09717993602996e-06,640,117845886995,109646506561,640,5.297199952799281e-07,35010200000,3.013079752954256e-06,84239948824,66
E7vp5ZYQUEPhuRTm1uDVeVtPCp3KMc5dhiALCPNXaMpG,712106.0706515397,3.679930949976235e-08,716,860475506790,198670,716,6.751469926076215e-11,8368,6.85413673740074e-11,8486,1015
CQVuCoD4eFmA4VKfMRd1cvMJgPakJesDYE1EszwRVnmA,3.2848138728353104e-10,2.831374450656872e-10,8,2398460000,394097,8,1.8098285413000003e-10,394097,1.9548407053464937e-10,394097,1380
F4gLL4tWutwCP2pHgQmHCbtPUWLNZebxgmb6ZZs9wjzo,0.010077830293221903,1.4793534309200874e-06,760,408289449535,1557,760,2.474169745049593e-12,2,2.474169745049593e-12,2,1382
7CmjEQSxbnJHkhzuU8FBy4GLXrxc1shbe96tffo5pump,10.166945978112393,7.399543022460344,2814,1039570396416,890236857798,2814,2.416626389560174e-06,500000000,3.879376361889971,643939937861,24
6ySXDEUVfkbDSDzNK5jESK9UQhFa9oaSDQHyDkiuwh5q,7.133215070013881e-05,2.5602113833071485e-08,1191,720885933000,277614,26,3.166716272238223e-10,164236,2.2798851559326236e-08,164236,1824
8b1wG79DXX2sRrvuod2HsNEN4cqH46eqjLHkqRqxjjGT,5.964799317352201e-07,5.964799317352201e-07,275,837102567897,837102567897,275,4.587501248437585e-07,734000100000,,,37
9MB2Y9uu2fx2KoBKBHUKXZzXHpgqmtnwwCV1p8FQBs1q,0.45553740812845456,3.5742776714842875e-07,161,217538021003,197950415,161,2.58509033208055e-07,168265443,2.58509033208055e-07,168265443,473
24rXBKq3L94LodYZh6gLd4aqAcjt5dfHqHRsiiQjh6wV,0.022923119831087642,1.0966967143012713e-09,64,1516676470241,189609,64,1.0000000000009999e-10,188040,9.896898104360984e-10,188040,956
4z7YnvRBuExDbm1ngbAVCbv3ExnksGJRujcTsmMpump,1.3208423240091094e-07,1.511404597916406e-09,179,90086746043,3424250,160,3.837616187655603e-10,3423599,3.837616187655603e-10,3423599,1487
5zqTzUa1wWuE2a91aoeRpwi8oA7HbfxSqNU1KeEREcJC,0.028725576105891007,0.00038615451189940995,1334,247564404657,23403,63,1.792158665471596e-11,5,1.792158665471596e-11,5,1228
DewzAbkSuLdfBnTM6F8PBvvqYsMFA5RHANvCoWjjpump,0.0009330835920176135,1.8830994782546737e-05,134,123671841162,17631215919,134,1.7334030022785453e-05,16910474119,1.7334030022785453e-05,16910474119,1147
21SPiHyrB4FuXdrZZGrUjnaZArhUPZLNebkYqFHvpump,0.000771093447743071,3.4693292480215436e-05,86,112396395849,24119857846,86,2.3183598374819073e-05,19651524310,2.3183598374819073e-05,19651524310,68
8ya2o1WNEfPH11ztbJotUNFgaA9WSrnSwTJRjtudqX8W,0.00014331061100360273,0.0001371016456069995,40,25932710518,3389622,34,5.691500187121562e-06,3387298,0.0001371016456069995,3387298,3127
72BNkC3U5xKyuz9afp3Y3mDisW5xW1p4n2prrKFLpump,0.018118135679407624,1.9563524934370583e-08,1333,550682872819,1166,1333,8.354920568343747e-12,24,8.354920568343747e-12,24,611
64iRemUQc6xpABsdrs1M6xBFc7E9nMdkLBERMDqrnYdo,630.199193345097,4.1685918824101185e-07,1057,272568939587,3761,792,7.817454724426526e-13,3,1.0651215341000121e-12,3,848
ECgref7oD62qW4safFmSLtnWBfYh8KFRKaSRYBFumEZ8,0.18597421292844457,2.678378849093737e-07,976,140694641045,171140961,976,2.6762433026468503e-07,171045767,2.6762433026468503e-07,171045767,648
4T1d5M8X8dfKL2JbZaosQGbc7WqwL1McWGCJP6fVpump,0.004541318094106371,0.0034727088008944303,781,274076835494,246469119835,781,0.0003818528712276462,79005359057,0.003303132914858099,238404562609,19
6EQUHdphdwMkkw7Ngn68WWgPaL7F2drzdmigjBBHJK2x,1.577179559422287,4.0136671932979435e-07,1249,412323988061,213924192,1249,3.1811692242677765e-07,190424192,3.1811692242677765e-07,190424192,2162
6JX73VerJep9Gxa7SqfY8mgRcWyxgbyPMC8M7faymtgU,0.8912835443771625,5.720830912454089e-07,583,305620715454,249092707,583,4.569162039552953e-07,222582317,4.569162039552953e-07,222582317,901
G2zHVwmojvTL3GuxVtWcTHPPRfCsdTqa4XzUSgmfxX4P,8.68173799874341e-08,8.68173799874341e-08,276,533825184325,533825184325,276,4.878048780487805e-08,400000000000,,,125
HAQ1RrbFYVoE7tnMyVGTU485S8GwP9jrGcs7u9udenbp,1.0826535899401395,0.14271491798193736,931,336955718071,125320712409,931,2.416626389560174e-06,500000000,0.09790396489445527,103703041161,19
DbvvhP2U3kBFXZe61SaNSa1acGbaxDo69VX97Fm1pump,0.0004976645785639307,0.0001164925097995848,4,90208348342,44700562924,4,8.247685872557036e-05,37458941527,8.247685872557036e-05,37458941527,35
A2VsfQi9GPKp86ctF69iwc8oByS8Xqhj9QnCUuoz9LBM,0.28805844518960516,0.28778129095618515,1286,538362830336,538104100338,1286,1e-08,100000000,0.28778129095618515,538104100338,49
F2W2Md6EJALwWM84xW4Yj7TRi3kcqro56fXymLcUS5vz,6.144133486411625e-07,5.525760529760159e-07,232,717809072180,22270035,206,4.0000133166777504e-07,22260101,5.516791346054302e-07,22260101,666
xRwD7PCCFQtkFqfXmjdoBrse2bCVnZMoZjSah9L4dKm,0.06476254521362436,5.198072484486954e-05,2958,312185503056,10006,145,2.4634402818598444e-12,2,2.4634402818598444e-12,2,801
2rFBpJN1h31M9CG1SEo6wKsB5pKD46nJXfTaAX8hDwNA,1.3471995332981253,6.967451229016426e-07,590,376708171672,286893953,590,2.9246484232803363e-07,185781196,2.9246484232803363e-07,185781196,616
64DUadHXHqpSA4r3nMujP1d729CSFwfGb6Joi7Fupump,0.0005820700959288229,6.168274146201618e-05,72,97643317032,32322272352,72,5.796175384390114e-05,31327522368,5.796175384390114e-05,31327522368,130
3uWpu2N4XBJJV17jdh5DMQ2j59MYyBmk2R3BQ5rbA87h,9.658756263122314e-07,6.03282937467535e-07,206,954179217138,9126686,192,2.4792826920890447e-07,8941910,2.4792826920890447e-07,8941910,658
9PcvTJt6BYHxxVcRe2NtcRNS9azVAJatm8Q1F5hJbwZY,1.798480981258612e-07,1.0196002500212454e-07,121,422819865779,4304809,112,5.853858115943952e-09,4212976,5.853858115943952e-09,4212976,857
2eHjEgVLdBQtAuium2GofzPd8M8hDJP4F5Bwzi6gZWJL,7.865125951658198e-08,6.513794754929449e-08,290,35870259099,32666073567,290,2.1113825076436005e-08,18495049504,5.34848063259802e-08,29595813025,182
2hwEtx5DougSYDZTy1ahvw7ycHKFVAyYYf7LdPqtpump,0.6983603803709492,4.51419047755626e-07,948,269902470697,222165577,948,4.21963360119828e-07,214615106,4.21963360119828e-07,214615106,192
4bGsLctyawB79kGerF2pgJ5b2qUNxDr4SZxDNHhj5uTT,3.5585571936041704,3.549341086310181,2598,1894613722987,1892166108454,2598,1e-08,100000000,3.542918755980104,1890451308454,22
HyCk8FMECvYPBATwFNfjDyscpz4gF13nshDb9p9cpump,0.01912000530001647,0.0005099152970198626,2018,566653614770,28803,2018,2.482176854689945e-12,2,2.482176854689945e-12,2,1520
2Tkt76GyFve9z5bv47ts8vDGbAsUQNKPxN5kNNGyotwY,0.5472753986560325,3.475967991953061e-07,799,239393829285,195654596,799,2.551497947283502e-07,167555288,2.551497947283502e-07,167555288,951
4kuEGwvoYmSdaWgMnPiQmt4cBkjJVTQfDujcPXKqpump,2.7719434713026017,4.8900145890406e-07,972,540162822600,236436763,972,2.0810614791038776e-07,154046732,2.0810614791038776e-07,154046732,371
8StDxPh4cb4YBngDWiup5iE4hwKc1t14j4g9pUZHqRKN,0.02475904313960153,0.009060524048244412,1938,332678526235,113437,578,2.8642164341769627e-12,2,8.339684284787985e-06,2,893
2C6vAruREBtsGas43LVUANTUvTqo9VhCzDNXEeCptpHJ,0.5942348675729555,2.637309450629424e-07,288,248521343820,178016990,288,2.4342175891470857e-07,171016990,2.4342175891470857e-07,171016990,312
4Nx2GJMdBUZhFw76PaBxY68tTZG8PmuxuWEb9dLRksQj,2.3863205119133664,4.4515288576829713e-07,1093,502466123321,224202624,1093,2.810666934683197e-07,178102624,2.810666934683197e-07,178102624,1597
JAMxDH7DB2XL2g9fhzD6Z976yfLoEBzQHdYnGZX1pump,0.03191714900899012,0.007039024427699742,2657,458784605199,110007,2018,9.806214978648755e-12,4,2.857943669465124e-11,4,1401
Pb9ztU2fhSTh2GFxnCTbYL7DmkRTGzATEb98myvTiKp,0.12293599964824757,3.9380755116225535e-05,2206,351243004639,8297,390,9.45283214697825e-12,4,9.45283214697825e-12,4,822
4HpcRRZMC7LqoA83hAbf5tkEXxxghRD5XY9r1S4XyimP,1.1597289930702007e-07,1.0502405700549203e-07,231,501796135323,17843789,221,5.059846313224966e-08,17623789,5.059846313224966e-08,17623789,245
9izY17MViTWQfCvTnuuSS2Po3A9CkuVPdHNMx9w8FDSi,1.9214850242164977e-07,1.9670063498690266e-09,73,10593429554,1086416778,73,9.256584489170803e-10,744238621,9.256584489170803e-10,744238621,434
Dd3eiBpeoKwSdQQ73eYUs9SaqRzyHo3GLkQh1ZxFxJAs,0.29733830283142393,0.29733830283142393,1668,1730090740392,1730090740392,1668,1.00000000001e-09,100000000,,,38
8eJyR1pVEJhR7HQsRe8QQfPNuKdJZPyDhZGfEm9gpump,0.0005775590971604201,0.0003076887103266949,73,97196520087,71149975931,73,0.0002214766579601382,60235697815,0.0002214766579601382,60235697815,121
8exWUHMFzZwJhSEZHtwaTLadZ2RD9RN8qZ2MP4J4meNU,2.020179008353942e-07,2.020179008353942e-07,234,813074004777,813074004777,234,1.6155599944474933e-07,727001000000,,,38
62w6xrQ2Bv2bMoaTB3cBqd48W8XKQEe5JMbY8kNyskBX,0.509405610269177,5.432883315174617e-07,160,230246284487,248986078,160,2.2711779520751244e-07,160902359,2.2711779520751244e-07,160902359,766
7xp4w1X5FsaS2bbTeNWUgg5RR6aVY13Le26R9tjYWUFt,1.977205946821608e-07,1.977205946821608e-07,252,900128426423,900128426423,252,1.5750341156862744e-07,803267399000,,,43
7rhP3c8oPmcwNGuacRyhJLyGS5vn7K6tPnmV8cqkpump,0.001228245990283641,0.00012871594175456615,1818,144906868646,47742673877,1818,9.674609972024404e-05,41279100666,9.674609972024404e-05,41279100666,26
3DAivtUsNehMTp4qvGoE4NR8aMVpPXSqoycxFxXpQyc1,3.478254827110122e-07,7.035511600877658e-08,70,817998387752,2391213,59,2.5198569659813613e-10,2343204,2.5198569659813613e-10,2343204,1494
41H2jLJ7agsnpJ6Vhm3RitRtytDsqyqBay1NYvviWwni,0.010494196475475058,0.0006209097135601314,3517,426141378941,105380874947,3517,0.00036463666813217496,79000000000,0.00036463666813217496,80640386537,79
6bnScJirNLJMbhYLb9qDpAPFEMiBxPveTi9qpjBjpump,0.0005290899508452959,9.968081574778357e-05,1134,94650283259,41632548540,1134,6.399776620375476e-05,33326543787,6.399776620375476e-05,33326543787,37
4StWCS2TCKuPdKC6969YTvdgb1FAfqfrCphvZaujTBy9,1.6008793943186434e-07,1.471908472362615e-09,24,9667040000,934442544,24,9.461793834481111e-10,748086694,9.461793834481111e-10,748086694,628
D3YJemykAVpobX9Ch65LQuay5YWgd6vaFqooeY7Upump,0.0006700157304272761,0.0002972608325205107,935,105400515580,71705464443,935,0.00012438751507931744,46025154728,0.00012438751507931744,46025154728,21
A55YDZnxM1r9o7WEBoiavVFBSRNQVVtgXkTgCHg7pump,0.00045608737176611294,2.6217032373033223e-05,23,86358718542,20940213316,23,2.6217032373033223e-05,20940213316,2.6217032373033223e-05,20940213316,156
An1ABaMP1xhnR9FCsGWXnAJ9mZVmZWQyqofe24dFcZrt,0.005039267912102903,2.9712419765211983e-11,1462,292663655439,17,1462,1.799901241202182e-11,13,1.799901241202182e-11,13,1614
6BkMJNKQhqfdJPkcTGHN2Yqd7wtqYjj5BsTLz5zcQPLo,1.6091908905736239,4.204926714273573e-07,2454,420041980484,217838541,2454,3.7885394237805086e-07,206758541,3.7885394237805086e-07,206758541,186
5ihaXXJoUbpTG5RaCRpGyZ9sf2TmDQ4KkTBLufqpump,6.767505881233763e-07,7.769650345666645e-09,235,89865965018,1773567,55,8.840618585499504e-11,1767511,7.754828296819584e-10,1767511,1346
71rJgC2uWPChStzQHhmkMHDsK3HxWJpYfCRcyY5K4KNQ,9.248639402819325e-07,9.074975067007065e-09,332,29921623771,5062208,100,4.0496029430770374e-10,5059164,4.0496029430770374e-10,5059164,393
9ZW7z7rvHaQk78PPTK8P9fRwpDAoQ5Up1yCS8xb1yesc,0.05312984023958224,1.1270562001724573e-06,1765,275366218461,9626,1103,6.622493442640834e-13,7,6.451407422289152e-12,7,962
8id5Yvu7tNvQe6LJMg5e3owCKu2k6nmMgszakjWjJKw3,1.751977198413285,4.4945528655941963e-07,1311,428619370938,232363596,1311,2.9391191599903203e-07,187802596,2.9391191599903203e-07,187802596,415
7D3bZwFxdytpifnwvaua8QX5QUUfXkMkAHeRwUAuzZwm,6.011132897528994e-07,7.669963521541299e-08,709,415248463276,2651457,75,4.092574460167112e-09,2591848,7.669963521541299e-08,2591848,1405
CvCXxPLwTykYg5ZBXQrzoQ5mbPNg2sLimcqqc5S5pump,0.0008541134559294201,0.00021201511556258402,950,119105627913,59597313571,950,0.00018799084225726455,56008574760,0.00018799084225726455,56008574760,71
GHqMrAgMAMTXW5i9P9AtDZKaqkVXid3AfRv6x7g7pump,0.0013773092561154907,0.0002300351188420311,1259,151745225521,62506439796,1259,0.00022422567514224543,61710622605,0.00022422567514224543,61710622605,14
HprcD1t7T8SifRam81JpcysasGTtC24ARQ5HgNfipump,0.0006334635199952395,2.1024571641399395e-05,66,101975421121,18810117556,66,2.1002474110236774e-05,18800217556,2.1002474110236774e-05,18800217556,570
BSXFRSkxtSqSrsbE2HpHKD3PmtQfiUJBSBFhfrhEpump,0.029066573112879877,6.769090790367451e-06,2317,701411746434,4475,2317,3.397942367503279e-13,1,3.397942367503279e-13,1,87
CCbkmCCRvqgLu99bp5kuewkAyGuEjryPQdAfjdfY1j6V,101.11865437029,0.00024488729269139955,2157,332196890434,24218,91,4.24812465894119e-12,3,0.00024488729269139955,3,837
DjYrvmmY6ojf2f62TckYxBtCCHCJNbr9A4EXFwH3pump,0.0010666965973740547,5.883277883399595e-05,28,132147750372,31260722399,28,2.879355976554725e-05,21856173797,2.879355976554725e-05,21856173797,574
EDMvVE8goBEZMLY11xtoUeYKYp1iTebx62JgoYsmC35H,0.0047599964736230365,0.00014394483498531477,80,279328455061,65803069,80,0.00010601063305034378,65793110,0.00010601063305034378,65793110,715
CbA2Bs6R5zGey7gMuexU3ZSFMqcxZp3SHJAHDGa2ChHc,0.03169675847049493,0.005723703821355608,2241,738194855276,100290,2241,5.74066123606412e-13,1,5.74066123606412e-13,1,449
3bU51G2BWoUnDJQa65kUaXeaUng9ykQ9jBQ9kuMLNVs9,2867216.2581967213,1.6301198801678253e-05,876,269080531874,18766,516,2.419060836927675e-13,2,2.419060836927675e-13,2,833
46633tEFN7hbbhSqpyUF6sRxAMLiasmGvtRhMT7TZ8p6,0.0005781636813730292,0.000568743592870727,222,46033987080,45658270734,222,4.444444444444444e-06,4000000000,0.000568743592870727,45658270734,776
4Jz9JRkVNCvKaV19p2raoX54kkwUhcyw7gEwQVCPpump,403.4446312109191,1.8212196172678936e-06,3824,483382995641,2085,2777,1.9870207657100648e-12,2,1.7071908996380292e-10,2,164
9TaaqeLqnu9UyaotgLr65wWh229MXuzxJc9noRgaGTwM,7.54203005767989e-05,1.2403873822288744e-05,59,12913102477,5301600613,59,7.272727272727272e-06,4000000000,7.987012987378647e-06,4230484264,140
6zmR4mXf38aggvNw7udu2GsFhJTCJrDqdjMMLNNdpump,0.0013070410083156783,1.9874930109415132e-05,244,147181348663,18535913726,244,1.7790333366010128e-05,17535556750,1.7790333366010128e-05,17535556750,651
9i46HSNFmkBcJupTgbdTEY8faE44js74FfCfDyvUH5TG,0.0353750977302966,0.0030309461337497154,57,12769990540,805523,47,4.3222605331413434e-05,796994,4.3222605331413434e-05,796994,1508
CJS344EqYWWyqGQ9YsQGdQm3byXzS5Vvz2GoELa1pump,0.00046593390260264744,1.698757866956621e-05,29,87284243865,16706026413,29,1.698757866956621e-05,16706026413,1.698757866956621e-05,16706026413,1066
iFM8DtxFw84nndPSYELRovzZBDatYUzSmk2iTgepump,0.003435705851571528,0.003011573471235567,673,238153056240,225836096103,673,0.0003818528714209763,79005359097,0.002648984073513224,209176113328,37
CJskyawh5nS4tsuJUv7FFuYDgJoobTtHVPaYLCRrpump,0.0006896929098896453,7.64482721022661e-05,649,107077807284,36275732255,649,7.630168993025586e-05,36240894449,7.630168993025586e-05,36240894449,32
CoGfQwfR5VHJQ7RaMMDoCiRmQbyryjvKniAHNQuPZU2S,2.05803632023702e-05,1.458320212781444e-05,30,9894935212,1384554,30,7.840615117379471e-08,1284237,7.840615117379471e-08,1284237,1495
GaymKeQPxw3U4uX7wQBQUzrEh59uW8wXjRse8BXwBYAY,1.1181543691233071e-07,8.33725371019267e-08,146,743858360899,7163122,136,1.1176933763985992e-09,7045326,1.1176933763985992e-09,7045326,701
88tf7eiWVdrrrEnaMvXN3rBWq9sriiYKxzLMxQRbpump,0.0006117671850348692,0.0001414391439848401,217,100239298349,49001982784,217,9.099285745993721e-05,39216618879,9.099285745993721e-05,39216618879,90
A79KAJLpfpMpn3HHtdAYo7iWbJi27Lzu7sQhYZNbVQHM,0.0009189093356834428,0.0006163372825513793,547,47580969074,60970574,256,4.444444444444444e-06,60870356,0.00024352823863244536,60870356,729
FYR3juzNuV6NTHsyGANCiSYASd9YhKvdmpeSRyQ7CALD,7.02280219526176e-08,7.02280219526176e-08,250,519475578853,519475578853,250,4.166874742180989e-08,400010000000,,,88
3Nw788vtyj8ZumFZmfvYLEugGjZjrtQjVhW5QPyVpump,0.0098381229401245,9.427409794922223e-05,593,404214949395,40304731301,593,9.427409794922223e-05,40304731301,9.427409794922223e-05,40304731301,53
7t2hzNv93Mk9FNAhoWpMjk5YtvLdpbEvX9GWF8vtmHyc,2.411637593088376,4.204370825847458e-07,2768,513350103427,217964873,2768,3.232631216803686e-07,191092508,3.232631216803686e-07,191092508,85
GrVDCgivm9jbwVyy9VAAsEG7pCtp8LKTpQDWc9ess6US,0.31140036311902675,4.809543504139e-07,70,179828987628,225626154,70,3.40389994514322e-07,189744926,3.40389994514322e-07,189744926,1412
2vHQv9x3Mtrru6TpMMossmQ5DjUeNPTpmxQ3XZDdpump,0.005472843948029557,0.0005226865389845176,3,299376494992,94541798187,3,9.158928298860134e-05,39050767178,9.158928298860134e-05,39050767178,23
HVqkGQhJZdL1NK15TCipwooDV7TQ1mSfjfUW6fMBpump,0.0021874658661335668,0.0014520143223113275,3528,197879861339,161343803582,3528,9.50962303173704e-05,39784861146,0.0012588685689276923,150216803582,18
52YMUQbmKCUFGb6hgjHdBTpSeR18xqCz7WpQ5tcpump,4.480265660089487e-06,4.480265660089487e-06,264,805672904986,805672904986,264,3.3832865998135574e-06,700001000000,,,30
6MjeNJ2jeHdJtQUs3FEwPgKkF4bzN2qoSor2QLWpump,4.901210225135372e-06,4.901210225135372e-06,256,889510834553,889510834553,256,3.7699371677138713e-06,780000000000,,,29
D9pEDQFAXxWoCCCXJG4XF7cs1TQbFcy63LtwnK7N3SDK,2.243198329632507,2.2864803365432174e-12,3034,287925226019,6,2740,6.871403944722286e-13,3,6.871403944722286e-13,3,724
FD6Bo44RDh1wNMqgZZt98VuDAJctCDJNo4aQomUhWnej,0.031714703684821,1.3580075951517388e-05,1515,235568879049,5866,214,9.941819172658404e-12,5,9.941819172658404e-12,5,1247
3FMFVty4mRp1nuFfJCSMZEnrhXLZF7cNP1w9VwgLoVV8,0.33160260866406416,1.8221776684540383e-07,302,185855107932,139741212,302,1.5521829242510557e-07,128917801,1.5521829242510557e-07,128917801,1998
DE7tMKinWpx6txeYfXGvb5JE4JsEyFHY4qNDDWkPNeea,0.11903163684589542,2.734939363939517e-07,3475,355733926674,698,847,2.3740948715924024e-12,2,2.3740948715924024e-12,2,828
3fRA5RMn7QArWEjX59PRrmAXNUyT2yhMhXUVtJvoaXGS,1.0926636825702993e-07,3.9325095003039134e-10,51,3323008856,200576193,51,1.0431558781094788e-10,102401005,2.2129975647981394e-10,149853794,837
Bi5J5ZY498xAVRB8MXVT7SzEJ3tUeZU3oARZgUFP1kJy,0.0003682575202273682,0.00032565124255947195,6029,310673344676,293026726444,6029,0.00025,250000000000,0.0003219465912798496,291051665811,35
Ei3ju7SUxCbkznGNYR8aLYv3WopkaAT7HvFGYeUWAUNJ,128.23739494944155,4.488122602673792e-05,6840,309823575996,19483,6059,1.2529841985023923e-12,3,7.664369339100021e-12,3,134
14Bwjc8fceY6FmKo3fkH3Rg4QExQ5WJFc1uevzDgmukJ,0.02267018545771482,2.8769945676149576e-05,2779,348883576596,6606,547,6.039861278641307e-12,3,1.7777417130351622e-08,3,847
DZbdtDEFgTwSJvhF4zn5hSU4PrUYTHekZTe8AHUPX3oX,1.746787711877815e-07,1.1289123660410321e-07,146,716299541078,6312239,137,2.254255493339773e-08,6233222,2.254255493339773e-08,6233222,1642
GBeRbFsD9trCxcXZR9SKPUDF7CV6CNM1ahoVcn44pump,0.0014174666600013908,0.0007835879660312295,1599,155890283662,118594174048,1599,0.0001259611233202536,45966538466,0.00039520425405202477,83466901986,14
yX5HxPHWgbYtECSgGLUbBNzUt8pUAWE37Pz2hS6pump,2.3524269797044095e-05,9.857263858061478e-07,976,659471680605,9777495,151,4.0147989301478934e-08,9633163,2.592228235730249e-07,9633163,444
AyoGExBu8pVJ9rBDH8uGrV8eo3wX8mXiP35w1f6mpump,0.7630221456634763,3.2658237155464107e-07,602,282480343898,198367987,602,2.4239764493770923e-07,170868015,2.4239764493770923e-07,170868015,727
DEKKtyf2te6GdMMRnNYak49SLCH95aMuwHHTVukUspEf,9.477706562912143e-08,4.666491152418304e-08,136,30859715147,21683058861,136,1e-08,10000000000,4.5854255771528033e-08,21484998860,527
34F8CQr8YHXdHh9wGKPcpNQKvVmHrggQiT1bwFQnpump,0.0008042089046586333,3.9050608882992996e-05,465,115166924884,25923776916,465,3.535243656421123e-05,24644517377,3.535243656421123e-05,24644517377,98
7fF9iNSY5QKJqaC8gvdwFQoSiSYbevMkv8qCNwWbPfxj,0.7746140562042491,0.29126384149871354,562,284532862091,177122836142,562,2.416626389560174e-06,500000000,0.23588464198277187,158649434850,18
EkXovyV5ycNvuyaX6Wzk8EGDbdPrtQvyQ2AiGsFhpump,0.009784861730653752,5.3296682970803893e-05,256,401577449926,35889627,256,2.5219960473615555e-05,35887620,2.5219960473615555e-05,35887620,1621
MK87BZoFTmUN2mJoMEQqUvABoE34iPWJBAic2axViej,0.6343239901067805,2.378322775301598e-06,1945,261507053470,2125715581,1945,3.9349863806884144e-07,210302845,3.9349863806884144e-07,210302845,580
2Y2N7kLocV5JEwpoGEny7GxCJTJZTwXCMGSdMjC5RbKx,0.0037642228089345914,0.002529489110046973,555,55447074628,45593094210,575,0.0001,9000000000,0.0024971706102565505,45288544006,138
3KZ2sAWTyZFdrtPVaY9qM7b8v1HCovHNu4qLrszYpump,0.011366260622017104,2.4493420447873133e-09,920,435868579927,89,920,2.4493420447873133e-09,89,2.4493420447873133e-09,89,391
4McB7FDnuYASSsYZVS99XgaYwR7Mp1XkQnamx27dxMmr,3.6044640823606098e-06,9.005987720587018e-07,145,12382160460,6198307071,145,5.222222222222223e-07,4700000000,9.005987720587018e-07,6198307071,654
Bsk5bp4JWwvo1MdyV7b3ZCUcSNpW8VNszrw3FkH2ec2k,1.5532387047810766e-05,4.7911578797094275e-06,56,71276892544,39787833040,56,1.0011100300925926e-06,18010000000,2.5853884779483308e-06,29191060995,267
4B28Uci8d7PcYEj4XiZme3CjUVWc22fqeMXUiKJzJu7D,0.0002189455696363991,7.199588911772341e-10,146,307850312294,999811,146,1.0127710382173592e-12,996813,1.0127710382173592e-12,996813,2685
5QdEMk45Gr4W3rQK8nLdFdWZL7Qb6B1wxcbX379rpump,0.0009908920258201784,0.00040286541303662517,2822,130546176898,84389559891,2822,0.0001919757322899552,58122115626,0.0001919757322899552,58122115626,12
APpyrZhFwANgv7J9QnFjuyrKbxyAWigVuapN2W1vY1w4,0.0006288179430849074,0.00012131099153070866,141,101604539621,44849602477,141,0.00011483664963319635,43632062931,0.00011483664963319635,43632062931,363
AUp7xFbrPsbGT8VhXDtsXmRNF6V9RcXmXb4k9Wbg3oyk,2.297844558119037e-07,1.2732396551967707e-07,81,418054591248,3148612,65,8.572453925456213e-10,2942521,8.572453925456213e-10,2942521,1555
3gHTnDrkd6x4ERgR6i8mpTkpEajxkDS2rtw534TN7AoW,0.003619412521824408,0.00175516424995717,465,136326355913,95424127010,465,5e-06,5000000000,0.0017169512345491312,94333166601,116
8UiNm9wM6SPCemBS6oNT7qJ8vPP9F7W2SuB129g5JCj5,0.07945684780582517,0.07898855070354145,1242,1264969779120,1261241234604,1242,5e-10,100000000,0.07898855070354145,1261241234604,181
EtBh5u4jz8W9GEfunrapvDNaSAC29SXqYJgGudi2pump,2.689618356146308,2.643009580627959e-07,1951,536764325083,170872369,1951,2.0939614743840462e-07,152067891,2.0939614743840462e-07,152067891,216
CnSjVdJSDzPiWdDtbJCnr1QAZSPPqjZKG6NPV9sgSdGP,0.03518436408305899,0.0004112567175725388,4438,380920643870,29983,1541,1.838792321348147e-12,2,1.838792321348147e-12,2,363
F12SczScFTXfvKNJFDYhuf9enPD3TSiaVpiyqXtaZH5d,2.7442049488673416e-07,1.4716231098581145e-07,111,771694617418,4520111,103,1.6307670607371621e-09,4408517,1.6307670607371621e-09,4408517,1125
FtbnA6vwXpQwdjSgoGwdzprPW1aUQmmUiND9EMoRd1hR,0.006161367661970276,0.0018768502527240158,17852,262180041257,147148035719,17852,9.01e-06,9010000000,0.0016835263898259142,139332125704,9
3g6dcfNpVuayeFLPdp4wApv5L7sSDANpQVPtY7ueJewo,0.026248529700222827,0.025902357037084205,1497,1625746845429,1615320583105,1497,1.0000000000009999e-10,100000000,0.0255468580920961,1604163750990,20
8j83nPjteswfXuPy9gUGFiyceKG2wHX8GKaho7HwYJ4W,362.2872664989563,0.07988587618974546,919,501553244642,302985,50,1e-08,1823,7.788713743606017e-06,1823,1292
C4n8PidFArWtYrkTxsySw416j476jtLvGfxNXGNZpump,0.0013801071700963669,0.0003009211032537947,1220,151963414925,71804342446,1220,0.00021774686136605452,59875666007,0.000294080465145157,70963949891,26
E7NvJPn2HGvYbqJAKpTNC4spozq9gngQFDkCfVRdkUM6,8.155284376043004e-07,2.6638630315467964e-08,55,702473349028,530969,40,2.247028187711064e-10,470107,2.247028187711064e-10,470107,1077
GCsmWuRi3cWocStHM3Kx1heY9sXExg8NrqDCnJ3RyGUb,0.0070939540915306975,0.0005094189950655884,617,342375273050,573346845,723,0.00013287539988917098,573346845,0.00013287539988917098,573346845,77
GU3qVUH7v79HYQoeWgsgDjADdg2KzLfKGekrtL6Emmk4,1.258028597923093e-07,1.258028597923093e-07,292,526270584365,526270584365,292,7.2727381681859e-08,400000300000,,,28
3h6NibWF5wDexU4ZT8B7i8adGuK4sT69skpL3pGepump,0.009911540222823069,0.0070015841007737304,1027,406455151606,352839583232,1027,0.00038182696955050747,79000000000,0.0004983044785268264,92838448746,20
BZKwmGMdWM3b8xLBM9osh6k2Vn6zuajfwXVPb5fuNjJT,4.811018497572503e-07,1.1384343400386667e-08,278,27177719602,4887739900,278,1.5e-09,1500000000,6.188645140590752e-09,3600366865,83
CtxUCz1YyphCdLokGr6p6CjYa8LmmMwPf9JfGbPn9zgL,0.0011691504629970483,0.00012230238882745894,4,243050000,81950175,4,6.0335649499942765e-05,54950000,8.654167492631694e-05,68950175,2186
EUu97YLhzRFRJqCLtr6zV7T2v7ozEzTTZonyAb41XPNm,6.051712406690468e-05,1.8140372781681458e-06,409,14596393953,7353890,40,1.2118672446068475e-07,7353854,5.128825294275446e-07,7353854,1374
HLD7Up5WYMSqScHKKpTr2dzEfpZJeL4bFHZY2FDLkcdP,2.013653920431008e-07,4.966368915121687e-08,296,11106141316,5583668594,296,2.959997610561924e-08,4304044295,2.959997610561924e-08,4304044295,99
GFNwfjiiEwa43eaVfeiBxievtZa8gScr89zDqZ8MWexH,1.643780997284613e-05,1.599284552965504e-05,361,18018851945,-15987140521,72,-3.417298363560721e-05,-15987240570,1.5942912088851817e-05,-15987240570,1616
2vrTSA71k2JnbT7VdyHqGcyjBNvncHcLPuECPXbUzLkp,0.01638371040681019,0.008932352633971753,20,287569590098,213426506536,20,5e-06,5000000000,0.006991586671287093,188633009754,83
8MFsd3KZsCVEiSTS323AmaXpfZuNjBYXVPWqnCDupump,0.0014432022404218744,3.56087417711591e-05,2441,156689954249,24831255149,2441,1.9727977084611085e-05,18460206168,1.9727977084611085e-05,18460206168,236
E8tttSeCcUH66g72Y5LtTB2qVunSBqECdtaTNdmepump,1.4489952452931285,4.56269171959114e-07,141,388202213562,221792197,141,2.0405862106180264e-07,147917341,2.0405862106180264e-07,147917341,813
4a7XsiGJhENo8D487wTRqjVuGRy71EGbvsYae1ktetUv,0.0003610862606225566,0.00034657710382759413,7824,309324895333,1095029982,7824,0.0002500001997500397,1095029434,0.0003258174669000681,1095029434,14
8v7u9rCBGWmzL1CbxUXd1ZrroAeNtjWQE42oUwFspump,1.094254990465085,2.2556406756184096e-05,177,4269653476962,19546416730,177,1.8148863593558613e-05,17524300243,1.8148863593558613e-05,17524300243,83
13SULnfhYFSLELH3eRx1peAnVZNzPAyXA8vikwgsf7Bo,0.016214243001486453,3.4634143536908833e-06,2260,406307965755,2006,970,3.5317717731284383e-12,2,3.5317717731284383e-12,2,1076
2aaN9DoNEFdiNoA4kytmPG56rFHVdNb9sbvbCktypump,2.0281870380994946,2.5507393551558165e-07,315,459927606063,165374207,315,1.2328817292828154e-07,114925007,1.2328817292828154e-07,114925007,556
D5hdPoA7p5WJASgMQVdziwEzT8TZZ9CeMYTTFzRWnyvT,1.6918334317767677e-07,1.0950592436772175e-12,40,4129095843,10572831,40,1.031632327098707e-12,10262831,1.031632327098707e-12,10262831,982
Dq57QC58Qd1RByAgbbkcBP1ThfnUN64NSQqTEnUAZg3v,0.3468752360819728,4.362099759674265e-07,358,190012999280,219672715,358,2.5091700592532183e-07,166552657,2.5091700592532183e-07,166552657,398
13LFvuVfgJZ9WJgWdttsjwWP2y8owKuX7MvNiJjHpump,4.5536586073494405e-06,4.204322515872687e-09,116,714920922181,5831198,107,4.204322515872687e-09,5831198,4.204322515872687e-09,5831198,1587
2RmKsDJtawcEUcinFii5acSLJyme4swRRbgPGmt9AeEp,2.369029426231318e-07,1.7605923881695583e-07,234,81581787701,70496161802,234,5.7142857142857144e-08,40000000000,1.2544689415587284e-07,59442022814,318
5m7X599bmHnnozuqkyErt9qG6UHrjL5zgLzuiJV1x8Dt,0.92224608198315,3.600230825103291e-07,550,310349469616,198297160,550,3.448152695946738e-07,194058630,3.448152695946738e-07,194058630,2080
8g8nYX4EAYJmiUZAzXJ6sTR9dSpPDNLNPKGyAAKmpump,0.0005319177935341011,0.00012715696761109074,1461,95431136518,47323520740,1461,9.023877235045487e-05,39824692623,9.023877235045487e-05,39824692623,48
Bd6bnfBMXnmsGcCXf2HJTBboeYtcYS55w23bHMEuHugB,6.110355134782123e-08,4.4242880117204375e-08,194,17519076278,14952535387,194,6.4713810101010105e-09,5660000000,2.8293211669301935e-08,11935525107,104
4Qpw92BMtSah5fN9JxAySiUg9UTy4HXuZkM5BGCZpump,0.026736063477268562,7.096836930496961e-05,3147,677187432191,184473015,3147,6.838008364546461e-05,184471685,6.838008364546461e-05,184471685,61
A11P4YzikysrP8KAwhiT2xTuGMHpH6i9oHSZnntapump,0.0029701221416754972,0.0009859414455031083,2275,226057116884,131504052948,2275,0.00019263041126150213,56752440633,0.0006957030987479879,110303164880,14
C9UQFzswZ3roqW7yDKQS36vvfP4nm21R6sZDphSd8jSF,3.1129875688430025e-07,3.1129875688430025e-07,292,523575746832,523575746832,292,1.8182726147698863e-07,400010000000,,,36
tWq6TMTdCsAjf5icJGkMqFhJmkSd3feGgPv1xRS3stg,2.2539342860773712e-07,5.359695406661143e-09,53,30077229336,5018573,53,1.4368702704364315e-10,5005086,1.4368702704364315e-10,5005086,1257
55HQsgKZpKEpZE4x8mgxhNHR3Xr2bjARhu87bytypump,0.0005551546890872555,5.003232683841861e-05,42,95330849475,29374678686,42,3.652414678086314e-05,25091866775,3.652414678086314e-05,25091866775,185
7b7Lezv2LRQQuCEnjd5ANCGAm1F8X1RcWwLba9emmtK6,0.007909198693328973,5.4789265182002615e-08,858,255880556507,557,313,7.200688743528013e-11,20,5.4789265182002615e-08,20,1443
JDWD1T3wXrEYXHmiF9J5kSH4WNaU42M6M1xJbMuSpump,5.508943974005006,9.663326800031081e-07,2534,765527812793,326324925,2534,9.63968079958714e-07,325924925,9.63968079958714e-07,325924925,41
12FtSmzEx4LoiGS8ReyXRXgXqjhHJzyUT3MAtZiapump,0.000479095426044454,2.4316473648247406e-05,8,88507359152,20035783123,8,1.9663737277355227e-05,18000168302,1.9663737277355227e-05,18000168302,437
2NUQm57qiRw2UMCL3DYLKtoGQySTgCLEZEn2wJXdCRw8,0.001457792856167875,1.4533007281644925e-09,174,927782241541,936666807,174,9.218941155646442e-10,742826471,9.218941155646442e-10,742826471,760
5dDN2KTZDjqrYq1Q24Es9FMyoTWnQFwYqQq3YkKdgCL9,9.310234537550466e-08,3.134548857898411e-08,257,12785745905,7551180235,257,9.302325581395349e-09,4000000000,1.6199336095941592e-08,5403500565,93
FBbwqWmVAJa6SfUsVAaYb7Pp91tEf4xktBW3aLbqxJYg,0.006991255622244518,2.623946286606567e-05,951,290961770697,7247,43,1.894054341161814e-11,6,1.894054341161814e-11,6,1349
5kany1pdhi2TkcB9xMYUt3RHxz7zZZn6uS6oUgo8PSZz,5.907533338603758e-07,9.124556730992259e-09,44,29821345983,4496650918,44,1.5e-09,1500000000,4.149047837197084e-09,3029708093,80
7d9Y8aGRXCSnSo4tz5UQXwmJLfw6agL4xBv3y9xpcLao,0.0001208941836903392,7.468399819739013e-05,77,48001245702,13162545,77,1.9185163493956214e-05,13152545,4.312398609022592e-05,13152545,2308
HYLDrPKsaiYTyATJA6Cpq2SjndWNWmtDMahwGpkZQHAN,3.066789710650417e-07,1.7670173126542977e-09,74,13388233716,1027560669,74,9.37834871590528e-10,746469022,9.37834871590528e-10,746469022,704
9QbxqyLm2Jx3R8sPK7Wg2vv7F4w2e56UDsAvHUyXpump,0.9532550862936886,0.566309946366211,1376,315987516168,247219120945,1376,2.416626389560174e-06,500000000,0.23507857345514308,158850497655,178
3usg1CE6jgjZ5JcmZAfoyTkEE2aLq8k5ppWCJcwG9hTw,0.0007316521517768476,0.00013312651654835684,56,134438270863,6488293,42,1.1809176024373713e-05,6488091,1.1809176024373713e-05,6488091,1636
4V8mocCnoWZB9FBq2tq4DfnYXviFqW9ttnmsmP2ZLEeF,0.10851993572147296,6.210533426970838e-07,251,106322649549,261149646,251,4.597491455428732e-07,224649652,4.597491455428732e-07,224649652,1047
ApsFbZQjpz7nzKZ9w9NeHNFMDFwd8vw3TRHY1JH8pump,0.0005642470463843606,0.0002674469053534527,27,96067844273,66407287369,27,0.00026725562997484913,66383466425,0.00026725562997484913,66383466425,60
DRFygDPw352uQzjhb7XQzJ6Tc6fsY8Vdx7nXZzAXpump,0.0004388645563131547,0.0002790930616782069,4,84705363072,68687290436,4,7.26138686745622e-05,34668560616,7.26138686745622e-05,34668560616,47
ETg3wBLAgWDpEXkXufvNBrMVrrMDyPHgVVN5e2Qnpump,0.0021449808233167974,9.290813285363201e-05,2252,198043193962,41855701853,2252,2.4607034282186024e-05,21465796291,2.4607034282186024e-05,21465796291,128
EY9i6LBiSCi5nzhBmcgvETV5QEUyBukaX1CXTkkwCZTA,0.00010720006588992204,2.991558569028384e-06,146,8387755744,1428411444,146,2.3435478287580614e-06,1262874267,2.3435478287580614e-06,1262874267,122
FgpwQPhoQ2KcUzwfFi9ixw2iGxFiXY959B59WzXDpump,0.0011569714582899554,2.3502518122769948e-05,37,137938485618,20011225448,37,2.0309136668136367e-05,18591642912,2.0309136668136367e-05,18591642912,823
24BTsmkHvnNoATncieN1qW7rGSBnRjmJ9XEmFh2sR2fN,0.004967552810058644,8.776703681079687e-06,39,285300349832,6581,39,8.135960189475174e-11,20,8.135960189475174e-11,20,1382
2n3BR5oAYUxEzwjSmKfRgNjJdTfHQrvsD2d2U6m9ZbfC,0.5954302491503599,0.006357902989222119,1221,296970457407,106563,49,5.4117882084716555e-12,3,6.922862427557096e-10,3,1159
8Hcxu4SjhJv1Xb1hqUCRrrW7VrTFFdNTQnQzEwvBpump,0.2828229316792468,0.008182966735597173,4092,562742684386,132025,1655,8.130650933919975e-12,4,8.130650933919975e-12,4,194
9AbobZM1UCuVifTeYH1751kfnEYbypWB9dMKm1kTpump,0.0006209127260221688,3.179184845989855e-05,388,101416503290,23434408094,388,3.179184845989855e-05,23434408094,3.179184845989855e-05,23434408094,129
4PmxKe7Rucx6rgHa2Qeu5KhZHrfxNsnQmsyuk5VJpump,0.012457140456137357,1.831151457360878e-05,435,453635453148,5901,435,5.316086034029505e-13,1,5.316086034029505e-13,1,1349
89fYp72zUJCV2rYwmdXPzC8UNfB4M9whvRXo76jspump,1.1052896860296566,2.1274653827061388e-07,96,338992433066,150788831,96,1.9342797430616076e-07,143755422,1.9342797430616076e-07,143755422,1734
AHLF3e3XwobuWfKhKXWX1daZxmQtcKv7DSBxLkB2xhP5,2.833501616023788e-07,7.624338400065818e-09,54,807350547404,722455,42,1.0549987254199432e-10,709509,1.0549987254199432e-10,709509,1678
C96FPHoDae5229tcEoghRg25rF3fzkDk8Gkawftn4GiQ,2.7367955814842354e-05,9.089095657895859e-06,47,5250585483,3028426980,47,1e-06,1000000000,8.96641422270209e-06,3006965060,906
CJMqk8V25uWNbftmf4fSJZ8uMx1yQvPtyXUrHbNydAe2,0.006317140758051513,0.0017982578783635548,17611,263184508614,142252462186,17611,9.011997610710321e-06,9011000000,0.0012976912067177388,120662286106,13
Ev3XGwGqTUXFrjLmm4Z7by7a81LXdtU9eD7UskbTpump,0.02335959899215173,0.008304098130594626,2817,631875954124,386333797244,2817,0.00038182696955050747,79000000000,0.0004955005900284481,93977418603,41
3GfkvZNwaScwsrfT3DcVag8hGFi3rPtfsPY7ugrq72Wk,0.028107524438113773,0.002758157720637699,3570,382937217932,110005,2128,5.713733983170286e-12,5,5.713733983170286e-12,5,836
4t3gZRirowEKGAY2iromk3Wyk5AbjXTcgYiZHuFpgkDn,2.5431128231680236e-05,1.9511531358003757e-05,141,13363074106,11714273997,141,7e-06,7000000000,1.692615002506219e-05,10905222140,377
7Dv5RR78e1dPQiattDD1qd11yV1dEFL9hev8qaYxBhPh,0.34218055812697223,4.2588395753705865e-07,70,188517674941,214809918,70,2.3752065131205705e-07,160364505,2.3752065131205705e-07,160364505,1278
BheZDix1is2fq7KCAVMnCqWo4jh24gNk6iT3mQ5MjnJZ,1.8088413198906702e-07,1.8088413198906702e-07,262,524530795534,524530795534,262,1.0526315789473685e-07,400000000000,,,35
CyCKriDD9d3MUQj3B82bp3SattGZkju9ki7RTLWopump,0.00057167931100996,0.00032561767889422534,20,96692460882,73581266050,20,0.00016155237866504528,51667762432,0.00016155237866504528,51667762432,95
6AAPpB7wVtSQZFDpQ5Nig7TG5Qn3ijw1FcAwrLi3pump,0.0006180087924395198,0.00011122738540494327,222,100790701058,43405752681,222,7.33808735132104e-05,34969136561,7.33808735132104e-05,34969136561,67
7T4fubBHpJ9xrtYGU9NC9eE2vffH2fSFb8NfmYsSpump,0.0020377853694609053,2.0056752062195254e-05,99,182863266620,18320093400,99,2.0056752062195254e-05,18320093400,2.0056752062195254e-05,18320093400,667
21MR3VS7GRDKgpTsiJqWiB52CdBYvZBdhPLnWvDEGNp4,0.01344801545434917,0.01344801545434917,65,20117516970,20117516970,65,0.0003,3000000000,,,648
3E8gKXmvjMEqjB5Rugc1UnQeLYXc1XKeY5xzXs5VQxz3,8.346265726758218e-08,5.665081568421259e-08,74,416257264057,2818278,60,8.552066718258795e-10,2598110,8.552066718258795e-10,2598110,1706
AtvrE2meFFJGkeorUv5wfdbxa68eCiiYd6vfKtfSovAU,0.026714746375342654,0.00680672424901808,572,456593109780,90569,153,5.008686140586734e-09,77,5.008686140586734e-09,77,1718
BSLJfW9CvtL7hDQDwhDR7qVwJG22PmwRkTcgqogvnzhH,1.2150199852260872,3.700532653696866e-07,177,355817318079,204386644,177,2.641592091048963e-07,172622005,2.641592091048963e-07,172622005,1206
58yXYhEwqg4gbPWznoCRQyLLvRkYm2XwCJrXD1ZKpump,0.0007526447878049607,0.00011366318363809396,862,111928335166,44527418527,862,5.456426434705663e-05,30622767686,5.456426434705663e-05,30622767686,66
aQsT3gdj5KHqxsEECBPdU5t1j3noDJ6nBxYnX5ipump,5.293737515127852e-06,1.720804694195065e-06,250,879692702030,16259218,243,1.7960313364701835e-07,16105396,1.7960313364701835e-07,16105396,172
9FUbhTkjXBP43y1eLLQa12WsM9CW1BPkTNUzWbSVpump,0.0010893109222761016,7.104061228867885e-05,824,134445848035,34685643249,824,5.720335513933532e-05,31119793346,5.720335513933532e-05,31119793346,49
9HNFcfmbMWLbUzBXYMiTnmNw29sPz7r2DkqDnaQ8HwVZ,1.70725372975756e-05,1.69995058681976e-05,67,3915167238,-16998506060,41,-2.0979830588893474e-05,-16998706093,1.69995058681976e-05,-16998706093,1767
9iE7GRp4jCEkwYesdRk6uHjBYNCs5izkF68vnPp7cL8W,3.035892280802137,0.38162231225082766,999,1747484924517,621700940780,999,1e-08,100000000,0.2918749214731917,542583901994,120
134Eew956Wyxjaw8L9xABbLCB7Mxrugt698nhMEppump,5.254566234283428e-06,5.1552172009835915e-06,174,958063364268,948985030316,174,4.079361890373065e-06,844010000000,5.108662839312178e-06,944685030316,145
5dBRSyLzJFWYFMKoJSPrLZN2TV6GcVkYPs4YbNcB7hR7,0.0086265041241755,0.0037047530967429503,10016,294992553966,194983173942,10016,9.011997610710321e-06,9011000000,0.001187412016727281,110212771847,610
36jZNg4pgXRNydTDF6eS1Q2mLb8f5mfTW4i13pZMoDLS,0.3031802483509646,2.0732148402990096e-05,7406,297267829149,12046,6688,7.622957404532415e-13,2,1.3821587363624993e-12,2,215
DGwRYxfrqt5TKgaom4dAhikMPUi4XLQ1iXFMoQ1upump,0.000513325468439206,0.0001995235048578564,142,91719228473,58415525963,142,0.00012581903039077675,46312616777,0.00012581903039077675,46312616777,48
FFPVDQCX6PFfE5AEsG5Xfx1EXuLbrX4BPWUepAogpump,0.0013339985718123473,0.0005778832125513384,1394,149437921670,98988497182,1430,0.00022181831129662287,60386844785,0.00046494410581701494,88537546721,17
9QksbthJCAwLorLapSXvSv7sKFSPseY7yYz5RCy3pump,0.0008297626804266488,6.507855923478618e-05,655,117124759052,33520304415,655,5.177129636414437e-05,29881562768,5.177129636414437e-05,29881562768,75
A9jf7nfEJQRASJCKQ4wWGd44QVbKDsYcRdfVmNckiUBo,0.9133330474885413,0.2503555566831105,2504,321056724502,169449523709,2504,2.416626389560174e-06,500000000,0.07962607684535039,95471694301,178
FsAGkcN7M7sBDR48RSuoosvTL8J2gmCmDpdov8kKpump,0.0016708206600086048,0.00039458820290098743,953,167169470305,82896893047,953,0.0001935846601104966,57855389432,0.0001935846601104966,57855389432,39
pG2ThGzeTMeQWdpv3mUTZHUYwaKp51WV8km58y3pump,1.031897593248867,2.6931647182176107e-07,190,327531515099,170947066,190,1.8625763628535074e-07,142132291,1.8625763628535074e-07,142132291,1051
AruiJHnsjtKoS3cCn6HmhFMjK1tnNxitKkW49c3ipump,1.048634247741896,3.4393118825521336e-07,89,330183351752,196495166,89,2.4702781415146333e-07,166495166,2.4702781415146333e-07,166495166,2394
HumD5bBDwTzBavk1pWpS6Lyb5bCcitQ7U2t4phygpump,0.000571887701014268,3.582792873066868e-05,40,96773150732,24638774651,40,3.582792873066868e-05,24638774651,3.582792873066868e-05,24638774651,318
6BDXtq5xwacHdEdo9RybANvv884PvPPHgsjkpNSERi9z,684.6913264724003,0.007471299308846885,1195,259479714990,100277,27,1.3608771998096768e-11,4,5.715274786358422e-08,4,1101
AZBT9ABHePEd9LVKFFEQrWn6UMida5X711Fz1ihApump,0.0012763120289356312,6.384384665391854e-05,26,144533433328,32497072517,26,6.384384665391854e-05,32497072517,6.384384665391854e-05,32497072517,289
Azk7nC5G3Jrp6TeeNvQ5vJmb1pivd9kiNCQdacK4dMi7,0.0019119313862984563,0.0011984924815655405,952,178201401574,141592297952,952,0.00034473029631714954,75076251652,0.000979164115222529,127596456755,30
DLYGpnrAgjVxT8BBkxtpABdvurKtdvBaqRL8faRsp46k,0.10789558222294982,6.432646450216065e-07,103,105819126276,264833400,103,3.86666025357601e-07,205246518,3.86666025357601e-07,205246518,951
3yB2eboWdoceWV15jcTQuJ5rghXuiwesouf3ELfa9VWD,6.81115980599825e-07,2.0513213905210126e-09,335,20068870033,1110600780,335,1.0942886892729642e-09,809794257,1.0942886892729642e-09,809794257,802
5sMAuokdc2PMNRupMw2aBAinic4bGd1D2wouW1Q4pump,0.013177487517768368,2.5244749707086456e-12,574,466492383778,2,574,2.5244749707086456e-12,2,2.5244749707086456e-12,2,1451
6hCFZgYGihaM84S1NGg92DsXiKAbELWx2yc5ToLpump,1.299899520678553e-07,6.125925537303473e-09,401,95640782372,6829073,394,2.041260637269787e-09,6828316,2.041260637269787e-09,6828316,1578
EukYcB23aLQUJ8TAXPmLHGhcpaxN3ASLc1u9Xsp6Ab21,0.03812455987185974,8.202396108821549e-06,1228,265307747161,3430,31,7.81049224011243e-12,3,1.7007336523722724e-09,3,818
FtPp1Srog425iNM8DZeNrE4CCP4p1VUvNuucJFzkwR76,0.5479282838633199,0.39761189174665035,379,239518523131,204768194375,379,2.416626389560174e-06,500000000,0.11279865833579117,108966273665,1237
4b1un6SY5YKx7guZVajUrUzaUWAFJho971Vx57oSGC6B,4.459855906404254e-07,4.459855906404254e-07,315,534455081382,534455081382,315,2.5e-07,400000000000,,,33
4opBwzZdaW593nnfa2XcqnJ43MYbcxQuDCTGnMW39SCu,0.007391097682806546,0.0014816741560754266,1755,352560857933,160145553184,1755,0.00038182696955050747,79000000000,0.001032260084932268,133505769677,809
6EZ3LWodJtVwp1otqdyYUTo6UhL83mog6Jbyi9Upump,0.00014419532087505473,3.954343482964406e-06,304,881227062889,8125315,108,3.954343482964406e-06,8125315,3.954343482964406e-06,8125315,1037
Hg9gn87YMwmFRRXW1Berux9rh6Q3GGTAXBFV3Jb7wJ2h,2.285090240067092e-07,7.13093550590145e-08,88,788322856628,2699041,81,9.365531632018628e-10,2647915,9.365531632018628e-10,2647915,1042
6cTEBTDzHGQmTohf52DRhHVMiuuwbeCwpfm1oH54pump,0.03413624488554436,4.2158986894020686e-05,941,755242979089,27034616938,941,4.0737198736144464e-05,26572666669,4.0737198736144464e-05,26572666669,46
CW125xKWrPB2nHNy8gBjaKioX57jyvxUy2A5v2Dnpump,2.6911020524217006,2.8354735466317513e-07,283,529556530087,174322003,283,1.9412852322796152e-07,144166850,1.9412852322796152e-07,144166850,1160
E2WrJq6nAmUFj4HajKGazD6G4GFAnwqo1kwQiKXaaHpf,32320.636887921653,1.268291932253575e-05,1457,320258284546,7012,81,1.0592480012556733e-11,5,5.1195955110165884e-11,5,891
EEYzZkpAZRq4WzKAiwC4dyXXFb2dJ3BpLV2t1cJSFE9K,0.025699388736358166,0.02464116525679402,1454,294535080864,217258,158,5.803935635581488e-12,3,1.3452153997521236e-11,3,1496
4pHFikbxmN3ggPfWhhJk9QQNbnW4Q8BZ8VTjjNKxLSkn,0.02873832678359893,0.028541031518870327,1328,1701410154436,1695577755965,1328,1.0000000000009999e-10,100000000,0.02849988059670775,1694345849864,20
B2NmNiMwZxZJwuERXKFE6UHwH1eRWasnAEeA7msSpump,3.892119350396071,0.6672151884771671,2772,646610358931,268470956160,2772,2.416626389560174e-06,500000000,0.5729154136810196,248752388530,23
Ci7YsA7pNo76LjU1yv8YWYemtHJHPiiE4uXXUdD7pump,0.0004704611502843303,9.770797020146442e-05,5,87705368991,40774501087,5,6.340111342370492e-05,32805746972,6.340111342370492e-05,32805746972,44
D1D2CEJo8YiwFDsAgNM8NALMUorgHbZAqNFuZFV5w1Bj,0.0003928766757711485,0.0003655573992551694,7157,322165895344,310945050894,7157,0.0002500199753989999,250010000000,0.00035247117845180507,305290589217,25
5cgokEgk812ACm2NhCG36SrrWfaUk6Jjx4mphw2pump,7.442162565686735e-07,6.304007643932524e-08,208,89663435356,3214816,163,3.6400080999920193e-09,3156642,6.646589738500194e-09,3156642,1501
5pbSnindcfYjxFJAKPvHYDWaBmEXyx5C5koWSXYXpump,0.000419159570030466,0.00013264317730815288,37,82796595953,47580829555,37,6.224970077193033e-05,32341526840,6.224970077193033e-05,32341526840,96
6WhyN46nWbuhHTBCrTJUNLv9f1rGieCPaDUeUdqYpump,0.0007978731965735668,0.0004106579443698864,1223,115654053940,83197160892,1223,0.00014004723349560658,48163457387,0.00034204179408153627,75914895340,40
7wMnsrj8iVixKAM9VicVLZNASsXrqa3yiHo6gMno61WC,0.004226056670057855,1.9455347824344203e-06,27,264324873212,3461,882,6.26211096037224e-12,6,6.26211096037224e-12,6,820
8hxTCoRWtkkCk8LPYq3acwhN1nYnQkHT1Mhtmu8epump,0.0028296263728430065,4.8302231653963155e-05,12,8281270000,531182,12,2.7578539141261677e-05,330614,2.7578539141261677e-05,330614,1544
DQicUDffk13dnGg2wvpZyaggkZbnwacLZWGwPaTnX9E9,0.00020765671320467375,2.6772872958025793e-06,205,13391704249,1532808549,205,1.3647660199276524e-06,1091487127,1.3647660199276524e-06,1091487127,171
FrckTXX17oGwqxpMH6H8ctpsPDrsfTp8haXusMtHpump,0.009972057374241162,6.1226602555662646e-12,760,406241882647,3,760,6.1226602555662646e-12,3,6.1226602555662646e-12,3,1830
E2rGuQqmpttcbj48RsxLqMkepzSKQQApciuvqHmHpump,0.0007429422337779299,0.00022518443173802323,1021,111227055992,62396756838,1021,0.0001241555440431449,45953107404,0.0001241555440431449,45953107404,36
H8kb2CbLqhmMqBtUyfzEbiPKxJzrg19NXGWUsDGApump,2.288164196820847,1.9123228728088254e-07,379,488722646850,144000905,379,1.718535034234378e-07,136500905,1.718535034234378e-07,136500905,760
3wii3WDRkhScqZvp3q3QvUNPr4w34QF4ydQTbnE5ytKm,8439.65603644647,0.0001421372095164984,2429,383447346449,14051,1033,2.921805840146153e-12,2,2.921805840146153e-12,2,1221
9CcyiSJ4Ask5wWvrQQqeS9ioM2jS7VYt6uHctXa46vtr,0.03696167637178973,0.027626436043310817,79,14584908165,12613091832,79,0.011761509362613637,8210000000,0.026497261701540917,12351400793,551
E9VxEq2Va9Gie3mxS7d6FmWX332NEZgsoCM34CQusMba,0.02241058189667192,0.0001453323713022094,3645,630771414761,51468779826,3645,0.0001394921131424239,50361354114,0.0001394921131424239,50361354114,61
9B5NzHyr6Vp2iMDb7qDd2NWkBUfnvwNx4KbH2RrXy9CS,0.0033490257173736976,0.0027930984303366825,957,1097658234786,1002990758094,957,4.484304932735426e-06,40000000000,0.001957024173064182,839364420349,360
EUpTry7VzuH4WrRY4bNKn55xQBeMVV6FG7N7WxGepump,0.0023352312696724464,0.001468982825514497,7262,204953875145,165212982369,7262,0.0003818528712276462,79005359057,0.0014058154471199215,160620823544,12
12H4dzz9NcU5jCphFuw1bC8yD2DhffAUGXGxqZaypump,0.0006365732445470689,8.102805663475563e-05,266,102138683797,36784771586,266,3.500825191337341e-05,24133978843,3.500825191337341e-05,24133978843,27
DzcvUR3gBEGPGzdUvfrB5YfQcYLeGfBT7Ywo22wNpump,0.0007307306842802106,2.6876319747066723e-05,185,109590298519,21382435441,185,2.5980648269090683e-05,21020484246,2.5980648269090683e-05,21020484246,453
EYNbDH5hvuzhPsBCg7HeJryeyGRCZQeDqkG6a8tpdNhL,0.00036737445163694254,0.0003494868313318713,7997,312564877344,304884687764,7997,0.0002500001997500397,250000100000,0.00034946375913888755,304865123440,9
G3mawLCiHH9bbK5t9JogWZv5reQAXGSG5sNDyBMDpump,0.25857657548594165,5.668643367046721e-10,2199,377364918631,45,387,5.432419051812068e-12,4,5.668643367046721e-10,4,1124
2KwMXZKQVSP6aD9vxqs2L8VqLLjNJ8Jqo5wVq5eTpump,0.000900110641305496,0.00012392280357466197,670,122270468077,46589388725,670,0.00010612386561419808,43102626988,0.00010612386561419808,43102626988,17
2XDP4F2G2nSKNbnKFSPHzR3W5eTYs4htGFAHewZCpump,0.004681393160054805,0.0006819888484651687,1283,280064164013,108099739870,1283,0.00019028098977095788,56939844734,0.00019028098977095788,56939844734,22
8AcALjFSHAPEeSh8ic3RiRhbUARQJueM1mFWVTxN4qYZ,0.004621625778841035,4.10732714750752e-09,343,1323236149799,1703461,343,7.490942776460568e-11,1688788,7.490942776460568e-11,1688788,659
BoygQ5NfGASXgurcbtXeUiDUsUAxTwTvdEsqxKRjpump,4.433975376759991,2.7806954856784216e-07,143,679510995786,171779208,143,1.6524406356591342e-07,132319750,1.6524406356591342e-07,132319750,1193
EefnRC7tTTRCSgK455iorNmwtTuzp9pD5eTkB3knpump,0.0005204079242291418,5.0939797835246804e-05,374,92699977383,29156995430,374,5.04220952728392e-05,29008270430,5.04220952728392e-05,29008270430,161
13NAgMR3MguhxjQcBqt9PbvY39tAwTJGdnz5ZczDpump,6.320283281798107e-06,2.2232978988516318e-07,67,734684263334,1438472,53,9.008660640847231e-08,1340631,9.008660640847231e-08,1340631,1574
GdfXvYuD77FEKPecuJP2M7Bo62W53Ve19wQGaBKWpump,0.08114838425608888,0.07529026287550233,5945,563302511998,295733,3315,8.789109011370312e-05,200239,0.05359354493252622,200239,36
8AoWUUc7Kxc7mRfSCTbN4LtsbJ5gysWXbY3UVhoEpump,0.0018897445092514397,0.0011595929921928273,203,176207625254,140594157659,203,0.00037727651999907956,79156108898,0.00037727651999907956,79156108898,28
GZUyJdThh45PZEd9zTXMEcY3rAS7bM9C8cnqhmFrpump,0.001053247776384382,0.0010478849842905753,2580,135463187768,135404756273,2580,0.00017791592793467155,54727627246,0.0007603915169629329,115280420777,24
JA4hKbhmWHrDw2ZDx899hJithiDpLGhgBwSfUFF3pump,0.0006963962663056542,2.7816750950750516e-05,29,106773408493,21539473491,29,2.7405536969205495e-05,21379473491,2.7405536969205495e-05,21379473491,712
8CTWnFWQZvgt7iVtsw2a1nE6rDFt6ZLAwv61DcRaK1zs,0.009649876334810233,1.87679480432995e-05,529,399582772200,7571,529,2.252461246000192e-11,8,2.252461246000192e-11,8,1186
98SkkDzn89icbuXDFY9Z3Dvqg7xEDwBvJhDbYQUcpump,0.0003995271265774117,0.00025073247993256085,7,80815360851,65217190908,7,5.8886333595148045e-05,31429183305,5.8886333595148045e-05,31429183305,51
6W1WNvfC5LjBb494XDJsAUCWkwv9AVQGqCP8UxCWy3x2,1.959251596336179,3.057763179204233e-07,1859,273115579502,5185,872,5.31678124331051e-12,18,1.1448975155173778e-08,18,755
9VF2tZYSqhnTRTNp5JK79TC8K9QrtbbYaZjqHH4qUYuX,0.0006319463884991112,0.00021963141605685024,329,102115081527,60651484548,329,0.00013137598531600805,46868760610,0.00013137598531600805,46868760610,70
2sR59yzBLqxU3jpHpcXN28gZ73EK2AUFuqbzMPKP1s1Y,1.6784202675915965e-07,7.178066364108784e-08,206,885173046471,13047903,199,6.97788433224838e-09,13037903,6.97788433224838e-09,13037903,57
9T3tLsiwAKmzJY5JfxGCET8vYY2cDRFALN3oXD4pump,0.0012007522419973725,0.0005756126848711839,977,141394771823,100247243162,977,0.00033868529137260066,75326675744,0.00033868529137260066,76775888913,19
Apc6ttcf8mztcfsN8BcYEoQicinPxJjisYxYxpjApump,0.00954535954838301,2.4505437425915915e-10,2953,390917682034,33,470,9.58106724013714e-13,2,7.615697835126209e-11,2,979
D2w8iq7Utd8aJvh5StCLM1rHZE6e6xfmLT7yWwgCKL51,0.0003545693983171328,0.00033090699995071723,8075,306895020866,297236408099,8201,0.0002500001997500397,250000100000,0.00032090335471339466,292286030446,11
6NtNW1F33Bafu7PHZ12WtMc9Qxkz5MijmxJBqiEfAc9Z,0.0003847439041994662,0.0003802920008336036,7308,319239575247,317647180070,7710,0.00025009988497499985,250050000000,0.0003595865734774224,312275990236,10
CsyCqCpXC7JqzkNwwfnhoiTAzbAnfuLDWAfHV87UcMXk,6.586343214483294e-08,6.586343214483294e-08,187,467713809578,467713809578,187,4.8192795150605414e-08,400000100000,,,214
25ZTU1TRDHBvDq6RvngFFUTeTRR2GFpbBpUDER1xsmDy,0.03487908935352969,5.346587724483548e-06,664,289771100197,3668,39,1.6136392108329612e-12,2,1.6136392108329612e-12,2,1417
4SzX7NAqXFQbajLafEVsRbfA9kwBmHLxKyzCMh5hUyj6,7.355294729372979e-07,1.2799983963933706e-07,237,424223747036,4258609,90,5.072640436233831e-10,3984791,5.072640436233831e-10,3984791,800
HAeKNkcZSJXyt6r6QBZQ49bo9LxQfy2Nh9ThEqFfQUuW,5.689608875989808,0.00011812142355323168,5,23901000,131117,5,2.315401868863832e-07,11573,2.315401868863832e-07,11573,3039
HajAW5mw2VD5knsrvMWUG3G9xZUEPYbntKoVG7ZLDXS,6.765813282477838e-05,5.439111361369799e-05,118,126274481605,113296671278,118,1.0638297872340426e-05,50000000000,5.077765816480637e-05,109440574247,155
52gBeuyuJuqriGztTcjPPB4tWXeq2XGEMb9XERZXmtH3,13809.773238411131,7.823262653015419e-06,1018,209992840915,8844,36,1.2428292751439844e-10,24,1.453420579535082e-10,24,1193
5zE79dfViGAT58zQbukSCbqkh3bpBjmgFX8QQD1apump,0.0025768633079235378,0.00012924037573063167,2532,209277749653,47965999648,2532,0.00011843900012195785,45183064434,0.00011843900012195785,45183064434,17
7PfosC5G5hFEYgktYfuMWnBs3PWbRJFFrPgA1LN2pump,0.0019536811811294154,4.9297989941857064e-05,172,179193824219,28948046870,172,4.608274976694188e-05,27983211299,4.608274976694188e-05,27983211299,137
4iNowernM7VnmA79FyedcUGnM22GMm2keEtwbaJepump,0.0011569414419952315,0.0002709687821712671,24,137620627278,66778476360,24,0.00018169358876193295,54662290017,0.00018169358876193295,54662290017,313
GPwY7STAEboaA1RjtKkF9MrEyYAoG7WXWWn1u3fDtQDa,0.3064469873361391,6.202361248444552e-07,1012,180832551160,263118859,1012,4.279536170496369e-07,218511415,4.279536170496369e-07,218511415,810
8WrW81AnZxcW6gDaM8J9XnqEwt3WX9Bskw8nmRCt66PA,0.005806186281942727,0.002010492385837664,9954,317620239663,188831811490,9954,0.00042538294842172,83409401809,0.001288642289831262,149814180921,11
CbMRc7bVwAZF9NNnft87gcMgxSr5yXm1ZPpdDPPg1u3B,0.2854770834019793,0.2744908540125454,1906,536076479572,525751035376,1906,1e-08,100000000,0.2726326263827443,523965151825,55
HAPgEXnBdCech6NzfMC6MkHfUswyp2ybii1648XXpump,0.0024997016017850667,2.1240589989806528e-05,1259,205362418467,19308146743,1259,1.8343877203255726e-05,17919978055,1.8343877203255726e-05,17919978055,139
eftdJnW5ULcbkohtXGjoCHd7N9mYmmwJDpB3qntpump,0.0020497422649407215,0.00032986508796671197,204,183448846939,74017221267,204,0.0002685798756363122,66746854587,0.0002685798756363122,66746854587,45
31vR6pawzNuWAjXD2WJTyWFJ1JMA41thTQVLo2MEt6fu,2.533187876534552e-07,1.1811774222674616e-09,172,12176295543,836669779,172,8.326734265797239e-10,701394399,8.326734265797239e-10,701394399,690
695Q2Phfwe5mX7iHUbncLN5on2RBDhpSZZJPzo3xpump,0.0017896768727308464,0.001085667423120111,1482,174779286158,138772946292,1482,6.092101275912955e-05,31857496625,0.0005397731653641883,96383427298,27
E62Q8CohQM3gY3AmzBxnoM75P11tw77Jkyo4JJ38wF6R,0.0033585261525973524,0.0009584235318164291,9264,186383255418,109749677293,9264,9.055203294617476e-06,9045012438,0.00010589092681442375,35201509331,12
REj4vQ5ErV9qWCAF337JTk6Dg5g4uFNmjwEBVi4pump,4.463733418602621e-06,4.461376893150171e-06,246,822334791506,822119543030,246,3.537941999758403e-06,732000100000,4.454550435808051e-06,821489543030,37
D2Gk1s74zjzb98Yxk5bru2TeNUMXvVUquhfmQCWm96qn,0.2555612212113751,3.001218455640419e-07,1231,164004621459,180703848,1231,2.552569110181155e-07,166619969,2.552569110181155e-07,166619969,427
FJifmgAXe9qBhHuJTW4bM73TEX6WEMBXh6syXQZMGMoC,3.7757168666326955,0.00016913734261789752,1460,287719900000,15626,37,2.7899005474197078e-12,2,2.7899005474197078e-12,2,1237
24m4FM65Ek5vTzYY1EW6aYMYqQpkiNczvavVLv2fpump,0.013278083692248862,0.0011117399650598008,1318,471871646760,139832448557,1318,0.0003943313269191947,80309755727,0.0005838515661893685,99702680250,12
3WjMjD9Zie7SqsYdm8VLaSxQopK1pd9ycZA5Sk4Dpump,0.0010997501184240163,2.0439374654791923e-05,164,134550681795,18624302815,164,1.905327508232906e-05,17967553406,1.905327508232906e-05,17967553406,1113
5uVszM1PmYSHmV1UfmgHr3BbZA1GG9bFEwTmii6Tpump,0.002180589713618205,0.0010714541281865518,286,189456956467,132940457021,286,0.0005596737891641753,95864751362,0.0010714541281865518,132940457021,95
7RGNpAGaCYHYGWbUiT7Ke53j9TjagjinM7favuG4pump,0.000531409402868756,2.0233322439838292e-05,85,93243600179,18267153505,85,1.8109738875029603e-05,17268637480,1.8109738875029603e-05,17268637480,559
8SSix8D1NA2PMkKf8GWNkyQSjcHvHjMqGCCLDobdzrZM,0.1600663374585342,6.182293612504141e-07,653,129781099843,261766268,653,5.539425421842047e-07,247766275,5.539425421842047e-07,247766275,1074
BG7z3rwXK5HRLDEauBAYNGyMovPsMCm69HnaSbQ8pump,0.0013212423956793574,2.377117116482868e-05,693,150049328736,22086070324,693,2.3369813075086977e-05,21886768766,2.3369813075086977e-05,21886768766,313
HVoxaf9aefcJCBHNHgmWrRjQxEKtEw8geUi6nJY9h4Au,0.46945731383119815,0.09010622193228306,3725,225189278251,99848466302,3725,2.416626389560174e-06,500000000,0.04937430458629836,73511504511,23
SHARozAU1PxeTxdoxdRqUWbBDrpfFn1XF8TJEqBxiRN,4.241976211282092e-06,2.1837407546941297e-08,79,1556385226354,389352,65,3.705178726314255e-09,342327,3.705178726314255e-09,342327,1590
ocCxa3Z24FSGBVwCDTMxfvEvXyc3gJLCH4DxcsJpump,0.0018018243586291082,0.0009223459724811549,11057,175898651571,128265333396,11057,0.0001324850398402595,48272745313,0.0001324850398402595,48272745313,23
Aw6eLaQ98HZ4Sxzh2QuNvMjPTGmtK3EMV8fSNRPBpump,0.0009451632640948583,1.8114362725602876e-05,48,124376139227,17616409650,48,1.751850243039121e-05,17323859453,1.751850243039121e-05,17323859453,805
J3Q4QqXgAa9dNnCYJimJqrA63jFeJi3TwzL54heFKM1j,0.00038408804300107496,0.0003727195286994283,6309,317703626198,313000382696,6309,0.00025,250000000000,0.00037151117665515566,312483584970,43
3LYWNSuVtBV9ycaDCertcfYAaDuPe5seTwu7FsCzbemd,0.2898075294603577,3.6860348244822176e-05,1467,1707847410550,19308325382,1467,1.00000000001e-09,100000000,3.685721586870156e-05,19306287400,64
AZZv2qPdP3secM1JF2GDH3SBuft7c2aDbDVbpwdzpump,0.0010190258002416653,0.00035384182078883634,7463,131420708173,78407054805,7463,0.00019932249701853656,57355881435,0.00023543646845742183,63483702524,14
CrNqe5waCp5gm2MRG9MeP72oi5XLC2LEDHL7Sekgpump,0.0013745975120212069,2.0140421767721307e-05,569,150386832592,18273842002,569,1.9915906166875953e-05,18166313366,1.9915906166875953e-05,18166313366,666
EhaaYz6Kwt77UZQx4uJkRQuQcGYqSdNQz6gPiV7kW7Ec,0.0005750510433531082,8.0588415447396e-05,69,97166085957,37429386001,69,6.140511320254253e-05,32339295064,6.140511320254253e-05,32339295064,60
F9qLMkYjbmtrsFkbYPxX9XHJdLdpyuCzsg2QNuN4rbhq,0.30300725596163647,6.67553403052375e-07,49,177387796231,267198737,49,2.881380918560654e-07,175462995,2.881380918560654e-07,175462995,987
FA4Gk6E7mtdwy6HoJbgPCYMDuLvzWFAJUkYy7sVkpump,0.003104592620717277,0.0020098910849761556,3920,227351667669,183054929024,3920,0.0003818528716674722,79005359148,0.0020098910849761556,183054929024,18
APXQ1sVVwhYeiW2r8G8Ud6veSz9XShMLoiPfiCgPpump,0.0004317787783558073,5.472688940547274e-05,4,84017915571,30427072383,4,5.422416811478759e-05,30270207092,5.422416811478759e-05,30270207092,55
D71Gyn9TCQjqQokpXEAkuVnU6tbmLgu5BeBe9xsyUhBm,0.000444089619768053,0.00025313519986386605,2761,116534285619,92277981066,2761,2.7789978592005743e-05,27780000000,0.00010887092695495033,59451585039,444
Hsjp88Vo6dTcRkVtn4D6C4Fm1oRXJ5niQp9SzdqNnWj6,804.697077550643,0.0014225424855605331,2401,280914550382,100007,2067,7.492278023169324e-13,2,6.986948630712429e-12,2,1380
Kt9gSKu2zKvSJ3jugRTqjQpzqdXGE62z39Sswv9pump,4.438792011830853e-06,4.438792011830853e-06,288,810468108236,810468108236,288,3.4558722819696015e-06,715010000000,,,35
786fDjPuXsUiXKNJggrcFXvSM3tBKn7BgpFnEz7Fpump,0.000700696879245674,1.7225814343928128e-05,103,107083123387,16877670899,103,1.7225814343928128e-05,16877670899,1.7225814343928128e-05,16877670899,788
89SSV3YAbgeBiYfDwCTUYijHzCpDpyc5V7MxyA51pump,0.02611297956946805,1.2568583997155426e-05,2704,469794754074,4399,887,4.3794299558566716e-11,8,1.2568583997155426e-05,8,564
Cvsnce8aVWyixqeHD3CFmJwswhjjQTbfHNp9EL8kgdhV,0.00037921979966692526,0.00032729566893561856,6724,315788128315,295316998437,6724,0.00025000199750398975,250001000000,0.0003145462318533716,287963634164,12
H6b4vFGpRtGQD5xmShNu8KMNwKh3XTfkQnEcB8rN8AFQ,0.00015877234546773702,2.8383437357666207e-06,115,28948702565,8688278,92,2.1830159872920539e-07,8214207,2.1830159872920539e-07,8214207,1055
12HSAV55U5tYJPMkL5m5cNaAcXqTF9twgz9hFAdtpump,0.0015546686252124484,0.00029025925971576215,433,159990178239,69734891432,433,0.00025710233830013676,65556227331,0.00025710233830013676,65556227331,12
7NkeDHRC9ERbZ79ca3hkGvr1UDF2VnAPjNqw81tt4CK5,1.6604780103046453,7.346757263059693e-07,1671,425084325273,294472735,1671,1.9129694768785416e-07,150121955,1.9129694768785416e-07,150121955,541
aVb3NLh7TDRxV7Moig8gga93Fh84usQ5coyRauQpump,5.056295656918975e-06,5.056295656918975e-06,297,903492095301,903492095301,297,3.769938133156176e-06,780000100000,,,31
4Pvkj8tbyrgNdjA9oPPCdjCBRJFVJcACh1C8z3p6XWiw,2.864072507525113,5.0933063281226445e-05,2184,349362851266,12550,413,3.0176783240940102e-12,3,3.0176783240940102e-12,3,846
89zRa88otHXCw37ZEMsiHdRwWV4WqT18gzUZmzfpump,0.00012063016878735215,5.730686628922811e-07,145,792902820105,2344049,67,3.913465414413789e-08,2070137,3.913465414413789e-08,2070137,1534
8uXoppJzpX6T94dMTKS1t3Ss2FHwDqDRfZpsBFABSiEG,0.1564632374595141,4.11148105591124e-07,262,127798921327,209759168,262,3.844995816791224e-07,202839172,3.844995816791224e-07,202839172,1574
5Hnxi9czYPtDFiCioaPAe3zL2r74y7bpJewAZxWspump,0.004992947050142862,0.0007044338239220305,659,288709249220,111764612465,659,9.116971633570766e-05,38885736369,0.00021864597238550914,60485864755,22
FxGpQ5n7KNwCy9me17sGeDA4YNJ7eb9WojU7DiRBpump,0.0018541320258373833,4.092760488441371e-05,284,174814472878,27262918188,284,3.185413893098535e-05,23687264990,3.185413893098535e-05,23687264990,71
24cYzTNm2WpJdTNCG45FChtYMhoKjtQoNBa8JNFEn9tr,0.3055717275335052,0.30460166914606057,1895,1753325439402,1750547459618,1895,1.00000000001e-09,100000000,0.30460166914606057,1750547459618,27
6WaS2GRPG87DC74ZfsPLWTfw1TsxGZNSVBwj8B5L1C23,0.00043399362127178996,0.0003912177423285541,7315,323469490325,1053300670,7229,0.00022666750811871657,1053290443,0.00022666750811871657,1053290443,13
BZwtXZTX1dzJGGVZmGMhxGk2W6zo7yeDBDVowe5jU35b,0.01835402506870193,8.009706951869072e-05,3467,387566260499,15370,1803,5.853255562470641e-12,4,5.853255562470641e-12,4,268
BqJzYzwkWRx9MphgpNaogR4ALpMmXqBBPVwUnfCXqSXV,0.13803832250606068,0.03282265182438352,408,322311454341,200553,291,1.3875702007467606e-11,4,6.518163843275872e-10,4,1568
A52bBr15HVMFZ5zD5NZxHG8KvXvA3r9sCdrQXXnWMFSP,0.0013736810109480765,0.0008133618158124339,36,150028246740,116748038642,36,0.00027181414340442456,66688458931,0.0002846182150755317,68337260477,35
B3dchf3WXSLysaAvPDJoAYqiPLZXxPieqVtm2HQ2pump,0.007756040856264749,0.0002796032750057347,31353,367057042586,70200053630,31353,0.000279595003925308,70198615395,0.000279595003925308,70198615395,12
GruTjq7yonkU9ezFbmB8huMdybyEvG31MFGmgFVSiA8V,2.7848770170603775e-06,2.090106237074979e-09,104,40395892173,1122425147,104,1.4650964722990067e-09,936707475,1.4650964722990067e-09,936707475,438
ELe6uVcdUbyMew4TnofSa26LDKRpM7vLNdW7RPj5ugwK,0.0011973604302337772,0.00042010675727873034,2496,143371987730,85549046858,2496,0.00034136719361446444,74863109246,0.000405257169472804,84005238962,20
G7bYC8mg9dduQAc3hKNcKg34sP9KPNY4CG8hx6cfRera,4.4115450494753806e-05,7.871807074109354e-06,364,9444129000,2172876,17,5.263157894736842e-06,2165727,6.423000646924567e-06,2165727,1818
ZxLY42fCaHGbAveiVgLy4q9zdkBnHL2SbEJ2ERUpump,0.0011633918127819504,0.00018216624338563336,254,138267199559,55606204589,254,0.00010919344348325406,42903258570,0.00010919344348325406,42903258570,127
2uzvsSuj28moGCt8xatTrNK1GKJWN8VWa9PhoNiURqjc,3.9457797084983395e-07,4.925610077676666e-08,123,735331530878,5613231,113,3.4280609238918374e-09,5603240,3.4280609238918374e-09,5603240,1259
3PAt26A2pcZe14vq6xZmzJ55kGKE57ehCqzLGxDTkf7c,0.23614271183322838,1.4170455977471488e-06,56,156571719176,388210396,56,2.0388973094806064e-07,146984799,2.0388973094806064e-07,146984799,675
6Dyh82bkV255hhZ33ZK9NhK5joHdTVc8okmwPTzpump,1.2920556351263954e-07,3.2203027181631835e-08,467,94097729750,7324994,462,3.2203027181631835e-08,7324994,3.2203027181631835e-08,7324994,1107
9kHzps5UZuxrvUsEGhd3sKcLSKLByk7Aj2cqY8E9QecZ,0.023434242250544288,7.058190934041846e-08,1927,276552249251,626,40,4.5465174621944776e-12,5,4.5465174621944776e-12,5,1092
7PrRkPh4nohBW9fTafdzA6Pwoovsixvoe9y2nsBrpump,0.0005688915932686828,0.0005407156937160875,6837,98300139937,95933590783,6837,0.0001568174082549446,50995286230,0.00042441634267857784,84968570605,17
An3mABLiQByFHkzT8zEvZaxibGJt3oqfiGwhonqi9hGz,0.8955868606331657,4.4403972527823577e-07,1284,306975107309,218177797,1284,2.6246432951253637e-07,167658329,2.6246432951253637e-07,167658329,800
EUdNo3dxj5GUU6WX39u3SP67iG43EY3x4NJjCJKarPAm,0.5829594625925308,4.4325830568126204e-07,470,246411630156,226498996,470,2.671979482082752e-07,175802640,2.671979482082752e-07,175802640,858
HNGMygJKGuPFvbusvZ6z7u9u1hdxKyEqB5WpgdndD6oD,0.0051439109973311446,9.401424228224691e-06,37,290327013907,6744,37,3.705931771196073e-11,13,3.705931771196073e-11,13,1240
5rnhgTQz5kfx7Md9a1wXefbsGYLYTDtJ8KUte4iCpump,0.0012640887650771748,0.000656780172271243,35,143844428787,108856532766,35,0.0003818528719671339,79005359210,0.0004927807093502285,89857847020,45
65EniGQ1VNdWSD9iznGakoTy9z5wDNvvXqatvCDKpump,0.0008146655214359491,0.00023913758890095483,616,116196267793,64057831111,616,0.00012767741255309496,46552334627,0.00012767741255309496,46552334627,44
7Qzozia5g3HkcLfM66ca7sUmBLGgYWvojqYWRxCsezq7,3245.3970508812986,5.477017314610879e-05,4253,288259083873,43196,3530,4.444689975600701e-13,3,4.444689975600701e-13,3,345
8cGWLGUmnpmwD6DKc4QJnLnDhYSLsuwed9rJ6GQPpump,0.0004030181726324992,2.6173851222587522e-05,9,81168109459,20879659181,9,2.536910091312817e-05,20545987100,2.536910091312817e-05,20545987100,338
ARf9cohfgSVr4mCfUjP3nBmFMQvvoeRtFaexwMq763WK,0.0003512739773339571,0.00032255129666008525,7390,305059806940,292641264160,7390,0.00025000199750398975,250001000000,0.0003167661061379523,289989279135,12
AVWGjUadiovRNgeHg3vG64XUAdogdnbZSjcbcirjQnzm,5.2304108686284945,0.0067741812092414295,1455,399270098533,111925,461,6.129073689035193e-13,1,2.0092207807194433e-06,1,1277
BkTeCevxRoGny3NZyeZankY4Wt4mnHPCwfdJLhMK6dKZ,0.09757754654822845,3.8660768652205723e-07,562,101629357312,205710876,562,2.1314414510638886e-07,152660936,2.1314414510638886e-07,152660936,745
DtrUVBLkCQGBW66R6RUnyfy3ZR67ibBF7fJhaq9epump,0.0008992585031884347,0.0002744454338555081,600,121973422756,68684334480,600,0.0002532605084306517,65886286960,0.0002532605084306517,65886286960,24
8MbsJtwwy92HvHGXo2dENXAAGfUHrp1gtccjCQDezVBd,0.5080689499484593,2.525818567408946e-07,568,230185331749,165838925,568,2.10847908162679e-07,151456206,2.10847908162679e-07,151456206,1672
E4WAiDs18k6w8GB6cFks6oer4HPUYhMAVXc9JgGmpump,0.0017284439850488399,2.6318841954371993e-05,3142,182529487670,23074165486,3142,2.4205235306256867e-05,22104495587,2.4205235306256867e-05,22104495587,158
6RhC7spGzVvTCSCz2Sj7Dax493Zc8T1U685eCMWkpump,0.000586646487878779,6.79868573631929e-05,40,97967476317,33685147790,40,6.452909300861516e-05,32712105285,6.452909300861516e-05,32712105285,176
Bj6M1rCAH3T28ssBHjZfuiADEYqMzvG6Pjb4RYV9PXTV,0.00035489246452237585,0.0003415386799626226,7184,306208529712,300826008037,7184,0.00025,250000000000,0.00032730045881032614,294245028395,15
Gn9NmMa3u85CUYk8pe5kpDhSsnVsbWnrbUHRtmG6pump,0.003369483866266709,2.25226830806333e-05,8,234919537764,20320073770,8,2.1178464803708166e-05,19691681771,2.1178464803708166e-05,19691681771,101
SNARFtgqx2VCyfT8CBtgCauXhUpKJc8w2oYMsjjAyr9,0.009834643638208044,0.00013932779220655268,138,115599043461,2631355,60,3.6380085769308036e-08,2590751,3.6380085769308036e-08,2590751,1348
3dnRtivUDuJH33HFYDGLGE3T1BNVjNpcpLy8Aaq5A9M8,0.3131867465311739,2.6070115940150724e-07,582,180703865671,166839429,582,2.020937614405616e-07,146867307,2.020937614405616e-07,146867307,2084
Bf2EPF8v42SJnnjebDV1seSpeHCXUnFJet69N7he17yh,4.52082121848863,1.69916794873012,3037,697665382152,428353141718,3037,2.416626389560174e-06,500000000,1.4725919985574998,398736741718,122
Bz4hhECX9iTMMwCBcKtZmL88LusjKEhPSTVVuZa5pump,0.0020640175080089305,0.00026946034812129775,322,184547681378,68860690242,322,0.00010419741052803606,42367354257,0.00010419741052803606,42367354257,35
HpN6YQYdZDpqMDt6UCvgd4G3n7CpspAeEwoikcHgpump,0.001266272247399568,0.000395436615880618,2612,148910615166,84334588817,2612,0.0001609173135931627,52368618422,0.0002023835118825746,60177252611,14
2TkEiaJnAF7W371rpXqRpweKd7VpTiRT4CDUJP46xBqB,0.08266935751253598,2.3019741254882044e-05,2450,424939431619,5280,922,7.630235393645628e-12,3,7.630235393645628e-12,3,668
Cp767YBdHoukiuwuUrjXR1BUBPwtQ6Ciw51GTnwLeqrM,0.0003812200924304958,0.0003650419164011064,6503,316341352511,309688450533,6503,0.0002500001997500397,250000100000,0.0003579143381599769,306583014815,38
D51caXrpJHp5b3Xa2MFaXTVJKpHeqwFsnHNyv9ubpump,1.709703095637627,3.863751777358053e-07,105,421704906516,207319461,105,1.7678948907892357e-07,140156979,1.7678948907892357e-07,140156979,554
G2ucB2rkMK87PN2R59zdD3JJoEpr3jwqor4B4ypJpump,0.0009369745009431336,3.3540800759504814e-05,140,124009019158,24247667289,140,3.061257829498193e-05,23162553913,3.061257829498193e-05,23162553913,233
38dmiMvV4sGXPvBxgrkWjtbsuaKL7znYCCBMAsGRpump,0.4667041658130608,5.953178657738542e-07,342,220290514063,256253728,342,4.940150721788788e-07,232325388,4.940150721788788e-07,232325388,393
4vbKHVL4eg7pL5nwe8R762vgyYjhmUsrTBThyNPKpump,0.0005366904733745511,0.00012301121135336023,324,93872986271,45468402849,324,4.5588244171159215e-05,27636438706,4.5588244171159215e-05,27636438706,70
7ru8rGwGghKjRV656k2cnNYqKYXtvbd3hw4KfVW49UgH,0.8279858446048138,3.3879446602956016e-07,159,293470174453,192399529,159,2.8533392577234097e-07,176542225,2.8533392577234097e-07,176542225,941
CQXcFb6niBtAXtX3A8TA1deeHosT7qXamxJxXpMgiUdR,0.10526621701069676,1.3602205917434656e-06,138,104585901416,384995911,138,4.3486240411442987e-07,217484535,4.3486240411442987e-07,217484535,1183
GAMSmcXehoASw5eQkUYsyXAKuidmm41QZ5ynbPCehwnR,0.20160876114079393,3.0457396414681814e-07,706,145763119568,182661875,706,2.7251948227100314e-07,172608227,2.7251948227100314e-07,172608227,737
GaJ2475DrtSx6WVNWbejeGJawY2yzkV3MC2JTcbdpump,0.662302000615895,4.825678072276694e-07,1181,263584498356,231419055,2690,4.3235558840108124e-07,218512281,4.3235558840108124e-07,218512281,177
4udPJ9YHaK8vj7ogJVHtLHZWehPczFzjtv1LDa8kpump,5.5600747677282584e-05,4.7459449853395414e-05,5615,99431258784,92354415140,5615,3.818266004576119e-09,790000000,3.663909815251477e-05,80970577897,88
7pJ1sazPLwiVzqisSXyVjz5SCmqasTkxzHn686NDafMa,0.529299519862358,3.7569373289357946e-07,3405,239851410495,206754450,3405,1.7013803008878791e-07,138930960,1.7013803008878791e-07,138930960,198
AqaMVjPS7sauunxejZf3fRUME7Dd5fevS4HdpZmVH52T,0.06138260321376272,1.1268143334501003e-05,4603,628482539908,4025,2871,1.158543982734528e-11,4,1.0903877451170735e-05,4,130
38vZDwRCYCWrxmZfRgfWyz1SvnuLLxyFbJ48LfJ5pump,0.0004395381845357065,3.110114423447048e-05,22,84775155553,22783259325,22,3.110114423447048e-05,22783259325,3.110114423447048e-05,22783259325,283
3f2MwAMQmdXjdsQ9DVd2uibecQmLWp3FPEws4ZqPpump,1.6663537578760876,3.3331096792144693e-07,363,417005921634,190564959,363,1.855491654777131e-07,142089430,1.855491654777131e-07,142089430,1100
41bebSEFcBAY4Pk5k3uT7ZMYAjJJUrUb3gdEWvt3pump,0.003274694112217772,0.002948761630431503,8331,235142841011,225594814175,8331,0.00048449942827251706,89005359131,0.0018786319874255482,178523957135,10
6y12did6EX7x4DLNc4dfRayJ9DTEYnXWdhXATsKfxn9D,6.534787453469202e-07,9.552556965791682e-09,60,403634646349,660697,40,4.89833210825709e-10,644132,4.89833210825709e-10,644132,1483
92HnW7S7GMFEmeZ3xEP3CkF4BZJv9tQiXyztojtypump,0.00045147761593249526,5.204473239301319e-05,8,85915465566,29691821922,8,5.024814470406592e-05,29148124934,5.024814470406592e-05,29148124934,29
3e6KYQToJEeCWtTR7abtNizdvkEFkoUDQXCK1ZTTpump,0.00039549996879874604,0.0001044053123022835,52,80445409837,41622177626,52,7.726792217538864e-05,35781227861,7.726792217538864e-05,35781227861,129
JE8hLNojHX4TbgkvxctDJCyZGeQvWn8AcYCx2NQKpump,0.0005573034599964343,2.6923806833551724e-05,37,95485939129,21214056292,37,2.596507916344767e-05,20831809144,2.596507916344767e-05,20831809144,45
7yFKTJSiNHkZzAZJqPmZoDsMzgmvgQghT1ZMDryrpump,0.0012711573321774158,0.0008814069565079064,2579,148381684110,124470825659,2579,0.000229600564233074,62668596266,0.0005127909878814666,94524301597,15
FJXQ7UhNiu1y7mbZ8gjBLHZWEPMBFAoP1YKzeFUepump,0.012335240570065853,3.4126152393219593e-09,37,449844817322,110,37,1.1961191382196543e-12,2,1.1961191382196543e-12,2,580
FgnKyWuD1XxDKGwrzBbr62KvfeDTxXbGLKwgxYUipump,0.0009318171925142526,0.00010553994119361833,173,123648075045,42146003109,173,6.133963919639913e-05,32102546257,6.133963919639913e-05,32102546257,105
GuQW9JkuNKrufPNERFhdJkEsXKbNA7ZrVuiRyxdLvWxd,0.00036715797141229973,0.0003606471807635705,8251,312439896833,309782528484,8251,0.00025000199750398975,250001000000,0.00034883491544485774,304560347123,14
5QCtMSZEUp48BuxFCmiCUKrpH8HiEeeAbZ9wbHSPpump,0.0006663346013870222,0.0003848363963083616,762,105042052957,80169276105,762,0.0002618721604304826,65677239134,0.00032821141264055114,73939248919,26
73trzH2iTv1T6dbXtDQV4KbyPT8EnTHvLhj7hc39pump,0.0009641581649450597,0.00031325409630541824,128,125855298766,71987093764,128,0.00017930478423066438,54330522190,0.00017930478423066438,54330522190,216
CuNqhdpxfjkDxXjwz1TCBzfFKvUWm4kKxsS4Suff7D11,1.500027033773984e-07,1.3661106963828818e-07,180,843745364934,9650881,173,1.1405797101449275e-07,9392822,1.3070826478867678e-07,9392822,647
8oKVTcmjDVATSKMKq9MZxLtzZRLnYjFUkQZYyVmkpump,0.000615570600232308,0.00011685870229566242,247,100593587304,44598481541,247,3.7958457925193314e-05,25207654964,3.7958457925193314e-05,25207654964,28
AgP5bcv5LEh8ATwiDtvkKmYKLDRXXXvvhMT6mTx5pump,2.9353489446939,2.418106376909518e-07,622,554182552231,163622578,622,1.4617469227437363e-07,127159507,1.4617469227437363e-07,127159507,958
E5JLCxK81aMn53kAAEyeX5K43Mojo6ZUcVQ5tJAzVi4H,3.028863981178849e-06,7.658445085241614e-08,725,745661170372,3635292,93,4.06496806347352e-10,3551760,3.5537676452848533e-09,3551760,746
EkNbHPT3UM9ZPUkm6AqGFMRVkQp5XPsP3HhUwU5HMNqT,6.877901688264636e-05,1.1349522774357861e-05,411,13639764155,3010989,31,2.5449015625999807e-07,2982409,1.0127314726428153e-05,2982409,1712
GGZxswPjuWQsAt4J222pPMp1XvbFmmbEEEhejykjpump,0.0033083965244834015,0.00159764767443407,8604,244375020111,174377873372,8604,0.00035874733859903523,76686244159,0.0010763483248894974,140516518025,14
bdJFR1qmKY3LFkhDWrbJ5hyjXJnta41P4QkdVaSpump,5.14719114480075e-06,5.14719114480075e-06,304,928932084347,928932084347,304,3.9149347510874815e-06,810000000000,,,28
5MGevVKUEMUE68Nj2XdEJWd7RKjp6rLN1NVydvRhpump,0.028812770795535503,1.0884125502759865e-07,4457,588419916429,392,2723,1.0451810007420956e-09,37,3.383264887506798e-08,37,160
HbEam2qRgSHR45oKZ6ZbHs38ZMghbFdjr1WTDhnjpump,3.127961447740493e-05,1.9344740860952786e-05,1706,77459496949,63564263407,7504,3.818269695505075e-09,790000000,1.5463933552620978e-05,59794572738,83
3ZqyM6aFmWcAfrxkFPeWCGQNKnNQ3WcF3SDeEcDEmWvK,0.006277461112810099,0.006164267600382818,20638,265793621550,264287958982,20638,9.011997610710321e-06,9011000000,0.004453694361985444,224444643895,9
HumFbCWH77CiYuwVFV163RYB9Fa7vxqKCCPsz9gspump,0.0023522138652101723,8.031739627308247e-05,40832,201628974483,37341618017,40832,3.942393725882994e-05,26057915712,7.992172767314433e-05,37236517084,10
DBNCHKkwHLkP7TSnaqarXqC3tPhxU6ss7G5kBW6yt1zW,4.5187887620283175e-05,3.471665187733376e-05,347,828408536215,727649990725,347,1.5003995266e-08,15002000000,2.7768787983293276e-05,649747765571,115
4vcMNnSBeKTxojeiXREtax336bs4kktrEN2wPvT2KTBh,0.0032737408029571763,2.3326112504905396e-10,114,576051528284,17515,114,4.605565847907716e-11,7777,4.605565847907716e-11,7777,2178
9xSjJeHZpYx83tEE61pMVBsnPPGAQ1UgdtVgFgsF3wpj,6.094941877660459e-07,1.4216053338661905e-07,65,412637353377,2140349,57,1.121858061171912e-09,2026455,1.121858061171912e-09,2026455,1416
AJ5u7giRsXySkGgpLuTtfHcbBqRduec136cC3XrMpump,0.0006922902916603762,0.00021396668046494514,164,106558186651,60021605673,164,0.00016016256552048544,51554334245,0.00016016256552048544,51554334245,88
Am4XNqzpUCeh7u4C5a1CXkwUCjJci6azcvyPfJknpump,0.012654512924158985,8.852575518911602e-05,2328,466885079910,311085556,2328,8.851027256704937e-05,311039236,8.851027256704937e-05,311039236,88
EzgMHkY1G7fK2LVkS37T58dN51vNQ1eMr8G9Y1kmzagG,4.529093616650809e-07,3.164571513259118e-07,40,84393072939,70661682017,40,2.6882489258105375e-07,65105104883,2.6882489258105375e-07,65105104883,250
HVXXnVZaPjvpd2ymV1MQ4LLJTgQ1ynTvYTNgf77sxk5u,1.0960379542598386,2.948510651306587e-07,905,338327170600,188159475,905,2.3521332559480553e-07,167952130,2.3521332559480553e-07,167952130,248
b3U4Zv8QVfJREZnmnJssQhLRMqVsxRAWyCphnujBxFW,0.42677530386527446,2.9877081684721497e-07,226,210817717852,186624698,226,2.3058944323639217e-07,163908637,2.3058944323639217e-07,163908637,869
5pYD2nzrCUo4w9yE4AHUDBn4ihtuSse4Zd89aobdpump,0.0005057769174378413,4.749693644205937e-05,33,90947201157,28639554497,33,3.6693574779881164e-05,25159421049,3.6693574779881164e-05,25159421049,52
Ajw49kAARepR4xaXmVQr67m2uRQwxuU5FtrE5w9xA52G,0.006949745609295397,0.003289169513321557,16023,273234862415,192087098786,16023,9.110151775804662e-06,9060000000,0.0008055115190458407,94623803247,26
Gn5aXJounUi35dLNDqcoajia39iu2zKJkUeqmqh3FRye,1.8868010265023346e-07,8.224629670940494e-08,105,826004462004,3612629,98,4.4399332862478616e-09,3556116,4.4399332862478616e-09,3556116,859
B5rfTcVYaYEBi9awKS6kWYrQ41Cobv6a21N4QWmApump,0.0014096841545808674,0.0011000844841179888,35864,159731729720,145690472130,35864,0.0005575576183272895,95543283020,0.0007021877909305648,115510104873,35
CdANKA5M1z8tAFaUDRAGnrZ7KdNngUMUE7vAeTvhpump,0.0037259000076040804,0.0010879789945430333,7,247045734202,152141066839,7,0.000391592819782162,80007865322,0.0004928368962147093,90041902059,15
